INSERT INTO projects (title, category field, funding_goal, start_date, end_date)
    VALUES ("Filecoin", "Blockchain", 220000000.00, 2017-09-07, 2017-12-31);
INSERT INTO projects (title, category field, funding_goal, start_date, end_date)
    VALUES ("Tezos", "Blockchain", 210000000.00, 2017-07-14, 2017-12-31);
INSERT INTO projects (title, category field, funding_goal, start_date, end_date)
    VALUES ("EOS", "Blockchain", 100000000.00, 2017-06-26, 2017-12-31);
INSERT INTO projects (title, category field, funding_goal, start_date, end_date)
    VALUES ("Star Citizen", "Video game", 500000.00, 2017-01-01, 2017-12-31);
INSERT INTO projects (title, category field, funding_goal, start_date, end_date)
    VALUES ("Bancor protocol", "Blockchain", 100000000.00, 2017-01-01, 2017-12-31);
INSERT INTO projects (title, category field, funding_goal, start_date, end_date)
    VALUES ("The DAO", "Blockchain", 500000.00, 2016-05-28, 2017-12-31);
INSERT INTO projects (title, category field, funding_goal, start_date, end_date)
    VALUES ("Polkadot", "Blockchain", 144300000.00, 2017-10-27, 2017-12-31);
INSERT INTO projects (title, category field, funding_goal, start_date, end_date)
    VALUES ("Status", "Blockchain", 12000000.00, 2017-06-21, 2017-12-31);
INSERT INTO projects (title, category field, funding_goal, start_date, end_date)
    VALUES ("Elio Motors", "Other", 1020000000.00, 2016-01-01, 2017-12-31);
INSERT INTO projects (title, category field, funding_goal, start_date, end_date)
    VALUES ("TenX", "Blockchain", 80000000.00, 2017-06-24, 2017-12-31);

INSERT INTO users (name, age)
    VALUES ("Waylon Dalton", 32);
INSERT INTO users (name, age)
    VALUES ("Justine Henderson", 33);
INSERT INTO users (name, age)
    VALUES ("Abdullah Lang", 32);
INSERT INTO users (name, age)
    VALUES ("Marcus Cruz", 39);
INSERT INTO users (name, age)
    VALUES ("Thalia Cobb", 39);
INSERT INTO users (name, age)
    VALUES ("Mathias Little", 38);
INSERT INTO users (name, age)
    VALUES ("Eddie Randolph", 30);
INSERT INTO users (name, age)
    VALUES ("Angela Walker", 31);
INSERT INTO users (name, age)
    VALUES ("Lia Shelton", 37);
INSERT INTO users (name, age)
    VALUES ("Hadassah Hartman", 39);
INSERT INTO users (name, age)
    VALUES ("Joanna Shaffer", 35);
INSERT INTO users (name, age)
    VALUES ("Jonathon Sheppard", 31);
INSERT INTO users (name, age)
    VALUES ("Harrison Le", 36);
INSERT INTO users (name, age)
    VALUES ("Max Wiggins", 35);
INSERT INTO users (name, age)
    VALUES ("Tripp Yoder", 35);
INSERT INTO users (name, age)
    VALUES ("Kylie Rosales", 39);
INSERT INTO users (name, age)
    VALUES ("Agustin Bauer", 35);
INSERT INTO users (name, age)
    VALUES ("Violet Lucero", 30);
INSERT INTO users (name, age)
    VALUES ("Tianna Clark", 34);
INSERT INTO users (name, age)
    VALUES ("Xander Small", 38);

INSERT INTO pledges (amount, user_id, project_id)
    VALUES (15000.00, "Waylon Dalton", "Filecoin");
INSERT INTO pledges (amount, user_id, project_id)
    VALUES (10000.00, "Justine Henderson", "Filecoin");
INSERT INTO pledges (amount, user_id, project_id)
    VALUES (18000.00, "Abdullah Lang", "Filecoin");
INSERT INTO pledges (amount, user_id, project_id)
    VALUES (10000.00, "Marcus Cruz", "Filecoin");
INSERT INTO pledges (amount, user_id, project_id)
    VALUES (12000.00, "Thalia Cobb", "Filecoin");
INSERT INTO pledges (amount, user_id, project_id)
    VALUES (13000.00, "Mathias Little", "Filecoin");
INSERT INTO pledges (amount, user_id, project_id)
    VALUES (11000.00, "Mathias Little", "Tezos");
INSERT INTO pledges (amount, user_id, project_id)
    VALUES (13000.00, "Mathias Little", "Star Citizen");
INSERT INTO pledges (amount, user_id, project_id)
    VALUES (18000.00, "Mathias Little", "Star Citizen");
INSERT INTO pledges (amount, user_id, project_id)
    VALUES (13000.00, "Mathias Little", "TenX");
INSERT INTO pledges (amount, user_id, project_id)
    VALUES (13000.00, "Eddie Randolph", "Tezos");
INSERT INTO pledges (amount, user_id, project_id)
    VALUES (13000.00, "Eddie Randolph", "The DAO");
INSERT INTO pledges (amount, user_id, project_id)
    VALUES (13000.00, "Eddie Randolph", "Star Citizen");
INSERT INTO pledges (amount, user_id, project_id)
    VALUES (13000.00, "Eddie Randolph", "Star Citizen");
INSERT INTO pledges (amount, user_id, project_id)
    VALUES (13000.00, "Angela Walker", "The DAO");
INSERT INTO pledges (amount, user_id, project_id)
    VALUES (23000.00, "Lia Shelton", "The DAO");
INSERT INTO pledges (amount, user_id, project_id)
    VALUES (21000.00, "Hadassah Hartman", "The DAO");
INSERT INTO pledges (amount, user_id, project_id)
    VALUES (1000.00, "Joanna Shaffer", "The DAO");
INSERT INTO pledges (amount, user_id, project_id)
    VALUES (30000.00, "Jonathon Sheppard", "Star Citizen");
INSERT INTO pledges (amount, user_id, project_id)
    VALUES (30000.00, "Jonathon Sheppard", "Status");
INSERT INTO pledges (amount, user_id, project_id)
    VALUES (300000.00, "Harrison Le", "EOS");
INSERT INTO pledges (amount, user_id, project_id)
    VALUES (300000.00, "Max Wiggins", "EOS");
INSERT INTO pledges (amount, user_id, project_id)
    VALUES (10000.00, "Tripp Yoder", "Elio Motors");
INSERT INTO pledges (amount, user_id, project_id)
    VALUES (10000.00, "Kylie Rosales", "Elio Motors");
INSERT INTO pledges (amount, user_id, project_id)
    VALUES (10000.00, "Kylie Rosales", "Elio Motors");
INSERT INTO pledges (amount, user_id, project_id)
    VALUES (100000.00, "Agustin Bauer", "Bancor protocol");
INSERT INTO pledges (amount, user_id, project_id)
    VALUES (20000.00, "Violet Lucero", "TenX");
INSERT INTO pledges (amount, user_id, project_id)
    VALUES (10000.00, "Tianna Clark", "Filecoin");
INSERT INTO pledges (amount, user_id, project_id)
    VALUES (10000.00, "Xander Small", "Elio Motors");
INSERT INTO pledges (amount, user_id, project_id)
    VALUES (10000.00, "Xander Small", "Filecoin");
