INSERT INTO projects (id, title, category, funding_goal, start_date, end_date) VALUES
(1, 'p1', 'cat', 2000, '01012016', '02022017'),
(2, 'p2', 'cat', 2000, '01012016', '02022017'),
(3, 'p3', 'cat', 2000, '01012016', '02022017'),
(4, 'p4', 'cat', 2000, '01012016', '02022017'),
(5, 'p5', 'cat', 2000, '01012016', '02022017'),
(6, 'p6', 'cat', 2000, '01012016', '02022017'),
(7, 'p7', 'cat', 2000, '01012016', '02022017'),
(8, 'p8', 'cat', 2000, '01012016', '02022017'),
(9, 'p9', 'cat', 2000, '01012016', '02022017'),
(10, 'p10', 'cat', 2000, '01012016', '02022017');

INSERT INTO users (id, name, age) VALUES
(1, 'myname', 5),
(2, 'myname', 12),
(3, 'myname', 13),
(4, 'myname', 27),
(5, 'myname', 38),
(6, 'myname', 11),
(7, 'myname', 26),
(8, 'myname', 27),
(9, 'myname', 18),
(10, 'myname', 18),
(11, 'myname', 37),
(12, 'myname', 41),
(13, 'myname', 16),
(14, 'myname', 9),
(15, 'myname', 3),
(16, 'myname', 18),
(17, 'myname', 35),
(18, 'myname', 16),
(19, 'myname', 23),
(20, 'myname', 37);

INSERT INTO pledges (id, amount, user_id, project_id) VALUES
(1, 2495, 1, 9),
(2, 2576, 12, 8),
(3, 4905, 17, 2),
(4, 3108, 20, 6),
(5, 1147, 13, 8),
(6, 835, 10, 8),
(7, 4583, 1, 3),
(8, 2927, 7, 6),
(9, 1395, 8, 6),
(10, 698, 1, 8),
(11, 2372, 13, 6),
(12, 4435, 5, 7),
(13, 2787, 2, 9),
(14, 201, 18, 1),
(15, 3997, 7, 10),
(16, 1500, 8, 1),
(17, 3126, 5, 2),
(18, 3535, 2, 10),
(19, 1808, 5, 10),
(20, 348, 7, 9),
(21, 3629, 15, 2),
(22, 3024, 4, 6),
(23, 4803, 20, 5),
(24, 2215, 20, 5),
(25, 2068, 19, 2),
(26, 4853, 17, 3),
(27, 1339, 11, 9),
(28, 2487, 18, 1),
(29, 1958, 11, 6),
(30, 288, 9, 9);

