INSERT INTO users (name, age) VALUES ("James Brown", "44");
INSERT INTO users (name, age) VALUES ("Dianna Ross", "66");
INSERT INTO users (name, age) VALUES ("Jose Feliciano", "77");
INSERT INTO users (name, age) VALUES ("Boy George", "45");
INSERT INTO users (name, age) VALUES ("Bruno Mars", "29");
INSERT INTO users (name, age) VALUES ("Christia Aguilara", "42");
INSERT INTO users (name, age) VALUES ("Emily Blunt", "43");
INSERT INTO users (name, age) VALUES ("Justin Bieber", "26");
INSERT INTO users (name, age) VALUES ("Donald Trump", "66");
INSERT INTO users (name, age) VALUES ("Salma Hayek", "45");
INSERT INTO users (name, age) VALUES ("Behati Prinsloo", "33");
INSERT INTO users (name, age) VALUES ("Sofia Vergara", "46");
INSERT INTO users (name, age) VALUES ("Louis Tomlinson", "36");
INSERT INTO users (name, age) VALUES ("Oprah Winfrey", "26");
INSERT INTO users (name, age) VALUES ("Jamie Foxx", "33");
INSERT INTO users (name, age) VALUES ("Michael Jackson", "66");
INSERT INTO users (name, age) VALUES ("Kanye West", "27");
INSERT INTO users (name, age) VALUES ("Sofia Vergara", "12");
INSERT INTO users (name, age) VALUES ("Chloe Grace Moretz", "52");
INSERT INTO users (name, age) VALUES ("Mariah Carey", "55");

INSERT INTO pledges (amount, user_id, project_id) VALUES (145, 20, 10);
INSERT INTO pledges (amount, user_id, project_id) VALUES (425, 19, 9);
INSERT INTO pledges (amount, user_id, project_id) VALUES (454, 18, 8);
INSERT INTO pledges (amount, user_id, project_id) VALUES (4555, 17, 7);
INSERT INTO pledges (amount, user_id, project_id) VALUES (457, 16, 6);
INSERT INTO pledges (amount, user_id, project_id) VALUES (4575, 15, 5);
INSERT INTO pledges (amount, user_id, project_id) VALUES (4546, 14, 4);
INSERT INTO pledges (amount, user_id, project_id) VALUES (24445, 13, 3);
INSERT INTO pledges (amount, user_id, project_id) VALUES (2545, 12, 2);
INSERT INTO pledges (amount, user_id, project_id) VALUES (435, 11, 1);
INSERT INTO pledges (amount, user_id, project_id) VALUES (4995, 10, 10);
INSERT INTO pledges (amount, user_id, project_id) VALUES (456, 9, 9);
INSERT INTO pledges (amount, user_id, project_id) VALUES (46435, 8, 8);
INSERT INTO pledges (amount, user_id, project_id) VALUES (453542, 7, 7);
INSERT INTO pledges (amount, user_id, project_id) VALUES (4567, 6, 6);
INSERT INTO pledges (amount, user_id, project_id) VALUES (4855, 5, 5);
INSERT INTO pledges (amount, user_id, project_id) VALUES (4555, 4, 4);
INSERT INTO pledges (amount, user_id, project_id) VALUES (2345, 3, 3);
INSERT INTO pledges (amount, user_id, project_id) VALUES (145, 2, 2);
INSERT INTO pledges (amount, user_id, project_id) VALUES (411235, 1, 1);
INSERT INTO pledges (amount, user_id, project_id) VALUES (11145, 20, 10);
INSERT INTO pledges (amount, user_id, project_id) VALUES (4255, 19, 9);
INSERT INTO pledges (amount, user_id, project_id) VALUES (4735, 18, 8);
INSERT INTO pledges (amount, user_id, project_id) VALUES (434655, 17, 7);
INSERT INTO pledges (amount, user_id, project_id) VALUES (43465, 16, 6);
INSERT INTO pledges (amount, user_id, project_id) VALUES (245, 15, 5);
INSERT INTO pledges (amount, user_id, project_id) VALUES (5, 14, 4);
INSERT INTO pledges (amount, user_id, project_id) VALUES (245, 13, 3);
INSERT INTO pledges (amount, user_id, project_id) VALUES (4115, 12, 2);
INSERT INTO pledges (amount, user_id, project_id) VALUES (11145, 11, 1);


INSERT INTO projects VALUES (1, "Adoption Assistance", "Adoption", 10030, 2016-01-22, 2016-06-29);
INSERT INTO projects VALUES (2, "Adoption Opportunities", "Adoption", 3500, 2016-02-22, 2016-06-22);
INSERT INTO projects VALUES (3, "Advanced Placement Program", "Adoption", 40000, 2016-03-22, 2016-04-29);
INSERT INTO projects VALUES (4, "African Elephant Conservation", "Conservation", 4222, 2016-04-22, 2016-02-29);
INSERT INTO projects VALUES (5, "Aging Research", "Aging", 25234, 2016-01-22, 2016-06-29);
INSERT INTO projects VALUES (6, "Agri-Rural Economic Research", "Agriculture", 2341, 2016-05-22, 2016-07-22);
INSERT INTO projects VALUES (7, "Foreign Language Assistance", "Adoption", 293847, 2016-02-22, 2016-12-11);
INSERT INTO projects VALUES (8, "Gang Resistance Education", "Domestic", 364789, 2016-01-12, 2016-04-25);
INSERT INTO projects VALUES (9, "Snowy Owl Invervention", "Domestic", 25235, 2016-01-12, 2016-12-26);
INSERT INTO projects VALUES (10, "Foreign-Trade Zones in United States", "Domestic", 2345, 2016-02-20, 2016-08-19);
