INSERT INTO users (id, name, age) VALUES
(1, "Alex", 17),(2, "Andy", 18),(3, "Brian", 19),(4, "Brad", 20),(5, "Chrisx", 21),(6, "Chuck", 22),
(7, "Doug", 28),(8, "Dana", 27),(9, "Eve", 26),(10, "Evan", 25),(11, "Fran", 24),(12, "Frank", 23),
(13, "Gabby", 29),(14, "Gale", 30),(15, "Melissa", 31),(16, "Mike", 32),(17, "Otto", 33),(18, "Kate", 34),
(19, "Hank", 36),(20, "Jane", 35);

INSERT INTO projects (id, title, category, funding_goal, start_date, end_date) VALUES
(1, "Hunger", "food", 500, "02-02-2018", "03-03-2018"),
(2, "Homeless", "people", 1000, "02-02-2018", "03-04-2018"),
(3, "Health", "health", 5000, "02-03-2018", "03-05-2018"),
(4, "Poor", "people", 1010, "02-04-2018", "03-06-2018"),
(5, "Fun Run", "fitness", 530, "02-05-2018", "03-07-2018"),
(6, "Football Game", "sports", 800, "02-06-2018", "03-08-2018"),
(7, "Ski Trip", "skiing", 900, "02-07-2018", "03-09-2018"),
(8, "Hike", "outdoors", 100, "02-08-2018", "03-10-2018"),
(9, "Flags", "america", 600, "02-09-2018", "03-11-2018"),
(10, "SQL", "class", 500, "02-10-2018", "03-12-2018");

INSErT INTO pledges (user_id, amount, project_id) VALUES
(1, 10.00, 1), (14, 15.00, 1), (1, 19.00, 1), (20, 17.00, 1), (10, 23.00, 1), (10, 102.00, 1), (12, 10.00, 1),
(2, 12.00, 1), (13, 106.00, 1), (2, 10.00, 1), (19, 10.00, 1), (10, 25.00, 1), (9, 101.00, 1), (11, 17.00, 1),
(5, 103.00, 1), (12, 60.00, 1), (9, 13.00, 1), (18, 100.00, 1), (1, 10.00, 1), (4, 105.00, 1), (19, 15.00, 1),
(7, 104.00, 1), (11, 50.00, 1), (7, 11.00, 1), (13, 101.00, 1), (6, 18.00, 1), (5, 19.00, 1), (18, 25.00, 1),
(7, 105.00, 1), (20, 20.00, 1);
