INSERT INTO projects (id, title, category, funding_goal, start_date, end_date) VALUES
(1, "Kickstarter", "Crowdfunding", 2000, "01/01/2018", "01/02/2020"),
(2, "Park Poems", "Art", 100, "12/20/2017", "01/20/2018"),
(3, "Ski Beach", "Recreation", 600, "10/15/2017", "10/25/2017"),
(4, "Yule Ball", "Fundrasing", 1200, "12/01/2018", "12/31/2018"),
(5, "Advent Season", "Fundraising", 800, "11/27/2018", "12/31/2018"),
(6, "Happy Hands", "Volunteering", 400, "11/01/2018", "11/30/2018"),
(7, "Habitat For Humanit", "Volunteering", 600, "07/01/2018", "09/24/2018"),
(8, "Blue Key", "Volunteering", 300, "02/14/2018", "02/25/2018"),
(9, "Red Cross", "Volunteering", 500, "05/01/2018", "07/01/2018"),
(10, "Open Brain", "Art", 600, "01/10/2018", "02/10/2018");

INSERT INTO users (id, name, age) VALUES
(1, "Judy", 57),
(2, "David", 65),
(3, "Daniel", 27),
(4, "Rebecca", 25),
(5, "Esther", 25),
(6, "Grace", 36),
(7, "Christine", 25),
(8, "Jane", 30),
(9, "Carol", 28),
(10, "Lucy", 12),
(11, "Joe", 15),
(12, "Noel", 18),
(13, "Robert", 22),
(14, "Gina", 10),
(15, "Tina", 15),
(16, "David", 26),
(17, "Daniel", 23),
(18, "Tobias", 44),
(19, "Michael", 40),
(20, "Lucille", 55);

INSERT INTO pledges (id, amount, user_id, project_id) VALUES
(1, 10, 1, 1),
(2, 15, 2, 2),
(3, 20, 3, 3),
(4, 5, 4, 4),
(5, 30, 5, 5),
(6, 40, 6, 6),
(7, 20, 7, 7),
(8, 10, 8, 8),
(9, 7, 9, 9),
(10, 23, 10, 10),
(11, 40, 11, 1),
(12, 50, 12, 2),
(13, 80, 13, 3),
(14, 100, 14, 4),
(15, 60, 15, 5),
(16, 80, 16, 6),
(17, 15, 17, 7),
(18, 300, 18, 8),
(19, 29, 19, 9),
(20, 200, 20, 10),
(21, 200, 10, 1),
(22, 70, 11, 2),
(23, 90, 1, 3),
(24, 75, 17, 4),
(25, 60, 12, 3),
(26, 100, 2, 4),
(27, 120, 4, 5),
(28, 800, 20, 6),
(29, 1000, 18, 7),
(30, 275, 5, 8);
