INSERT INTO projects (id, title, category, funding_goal, start_date, end_date) VALUES
(1, 'Help me buy a guitar', 'music', 500.00, '2013-06-30', '2013-07-30'),
(2, 'Help me buy a lion', 'pets', 900.00, '2014-02-30', '2014-07-30'),
(3, 'Help me buy a giraffe', 'pets', 12100.00, '2014-03-30', '2014-07-30'),
(4, 'Help me buy a Tesla Model 3', 'automotive', 35000.00, '2014-04-30', '2014-07-30'),
(5, 'Help me buy a startup', 'business', 10000000.00, '2014-05-30', '2014-07-30'),
(6, 'Help me buy a house', 'real estate', 20000000.00, '2014-06-30', '2014-07-30'),
(7, 'Help me buy a helicopter', 'transport', 5000000.00, '2014-07-30', '2014-08-30'),
(8, 'Help me make a movie', 'film', 5000.00, '2015-02-30', '2014-07-30'),
(9, 'Help me design a fidget spinner', 'business', 1000.00, '2016-06-30', '2016-07-30'),
(10, 'Help me blow up a house', 'entertainment', 50.00, '2017-06-30', '2017-07-30');


INSERT INTO users (id, name, age) VALUES
(1, 'Joe', 17),
(2, 'Anton', 17),
(3, 'Rupert', 17),
(4, 'John', 17),
(5, 'Cameron', 17),
(6, 'Elon', 17),
(7, 'Steve', 17),
(8, 'Bill', 17),
(9, 'Amadeus', 17),
(10, 'Wolfgang', 17),
(11, 'Arthur', 17),
(12, 'Edmond', 17),
(13, 'Jarvis', 17),
(14, 'Edgar', 17),
(15, 'Igor', 17),
(16, 'Scott', 17),
(17, 'Neil', 17),
(18, 'Colin', 17),
(19, 'Ryan', 17),
(20, 'Dylan', 17);


INSERT INTO pledges (id, amount, user_id, project_id) VALUES
(1, 10.00, 1, 1),
(2, 20.00, 1, 2),
(3, 30.00, 1, 3),
(4, 40.00, 2, 4),
(5, 50.00, 3, 5),
(6, 60.00, 4, 6),
(7, 70.00, 5, 7),
(8, 80.00, 6, 8),
(9, 80.00, 7, 9),
(10, 80.00, 8, 10),
(11, 70.00, 9, 1),
(12, 70.00, 10, 2),
(13, 70.00, 11, 2),
(14, 60.00, 12, 2),
(15, 60.00, 13, 2),
(16, 50.00, 14, 2),
(17, 50.00, 15, 2),
(18, 50.00, 16, 2),
(19, 50.00, 17, 2),
(20, 50.00, 18, 2),
(21, 50.00, 19, 2),
(22, 50.00, 19, 2),
(23, 400.00, 17, 2),
(24, 40.00, 12, 3),
(25, 40.00, 13, 3),
(26, 40.00, 15, 3),
(27, 30.00, 6, 4),
(28, 20.00, 7, 4),
(29, 10.00, 5, 4),
(30, 10.00, 3, 5);
