
INSERT INTO projects (id, title, category, funding_goal, start_date, end_date) VALUES
 (1, "Indie film", "Film", 100000, "01/01/19", "06/01/19"),
 (2, "BBQ sauce", "Food", 200000, "02/01/19", "07/01/19"),
 (3, "Card game", "Entertainment", 300000, "03/01/19", "12/01/19"),
 (4, "Photo book", "Publishing", 200000, "02/01/19", "07/01/19"),
 (5, "Graphic novel", "Illustration", 60000, "12/01/18", "05/01/19"),
 (6, "Theater production", "Art", 10000, "02/01/19", "04/01/19"),
 (7, "Home purifier", "Food", 50000, "01/01/19", "08/01/19"),
 (8, "Smart lock", "Hardware", 10000, "04/01/19", "6/01/19"),
 (9, "3D printer", "Hardware", 50000, "11/01/18", "05/01/19"),
 (10, "Cycling jacket", "Product", 5000, "12/01/18", "05/01/19");

INSERT INTO users (id, name, age) VALUES
  (1, "Thompson", 37),
  (2, "Jess", 30),
  (3, "Mercy", 31),
  (4, "Kelly", 27),
  (5, "Harriet", 67),
  (6, "Pip", 25),
  (7, "Rayane", 38),
  (8, "Coco", 14),
  (9, "Bryan", 55),
  (10, "Moby", 95),
  (11, "Tom", 93),
  (12, "Carl", 18),
  (13, "Daryl", 40),
  (14, "Carol", 45),
  (15, "Rick", 38),
  (16, "Michonne", 30),
  (17, "Eugene", 29),
  (18, "Rosita", 27),
  (19, "Glenn", 25),
  (20, "Sasha", 26);

INSERT INTO pledges (id, amount, user_id, project_id) VALUES
  (1, 500, 2, 10),
  (2, 100, 20, 9),
  (3, 20, 18, 7),
  (4, 30, 17, 5),
  (5, 50, 16, 6),
  (6, 100, 13, 2),
  (7, 20, 12, 5),
  (8, 100, 20, 5),
  (9, 1000, 5, 4),
  (10, 300, 1, 5),
  (11, 500, 3, 10),
  (12, 10, 15, 8),
  (13, 100, 13, 7),
  (14, 500, 5, 6),
  (15, 10, 1, 1),
  (16, 20, 19, 4),
  (17, 50, 12, 10),
  (18, 100, 11, 5),
  (19, 30, 11, 9),
  (20, 20, 7, 6),
  (21, 500, 6, 10),
  (22, 12, 6, 9),
  (23, 15, 5, 5),
  (24, 20, 4, 7),
  (25, 60, 3, 3),
  (26, 80, 2, 1),
  (27, 90, 18, 8),
  (28, 100, 19, 7),
  (29, 1000, 20, 10),
  (30, 20, 7, 7);
