INSERT INTO users (id, name, age) VALUES (1,"Joel", 29);
INSERT INTO users (id, name, age) VALUES (2,"Jenna", 25);
INSERT INTO users (id, name, age) VALUES (3,"Heidi", 26);
INSERT INTO users (id, name, age) VALUES (4,"Debbie", 62);
INSERT INTO users (id, name, age) VALUES (5,"Michael", 58);
INSERT INTO users (id, name, age) VALUES (6,"Naser", 55);
INSERT INTO users (id, name, age) VALUES (7,"Helen", 75);
INSERT INTO users (id, name, age) VALUES (8,"Rick", 70);
INSERT INTO users (id, name, age) VALUES (9,"Jessie", 22);
INSERT INTO users (id, name, age) VALUES (10,"Zach", 29);
INSERT INTO users (id, name, age) VALUES (11,"Katie", 32);
INSERT INTO users (id, name, age) VALUES (12,"Laurie", 45);
INSERT INTO users (id, name, age) VALUES (13,"Jen", 50);
INSERT INTO users (id, name, age) VALUES (14,"James", 35);
INSERT INTO users (id, name, age) VALUES (15,"Sydney", 44);
INSERT INTO users (id, name, age) VALUES (16,"Elsa", 21);
INSERT INTO users (id, name, age) VALUES (17,"Colby", 32);
INSERT INTO users (id, name, age) VALUES (18,"Jennifer", 35);
INSERT INTO users (id, name, age) VALUES (19,"Micha", 44);
INSERT INTO users (id, name, age) VALUES (20,"Steven", 55);

INSERT INTO projects (id, title, category, funding_goal, start_date, end_date) VALUES (1,"Quantum Force", "Gaming", 100000, 2016-12-27, 2020-06-13);
INSERT INTO projects (id, title, category, funding_goal, start_date, end_date) VALUES (2,"Vital Transport", "Transportation", 500000, 2016-11-24, 2019-05-11);
INSERT INTO projects (id, title, category, funding_goal, start_date, end_date) VALUES (3,"UnderWatch", "Gaming", 50000, 2016-7-27, 2021-04-12);
INSERT INTO projects (id, title, category, funding_goal, start_date, end_date) VALUES (4,"Hello Design", "Design", 10000, 2016-10-12, 2018-03-03);
INSERT INTO projects (id, title, category, funding_goal, start_date, end_date) VALUES (5,"Quantum Force", "Productivity", 75000, 2016-09-22, 2021-08-12);
INSERT INTO projects (id, title, category, funding_goal, start_date, end_date) VALUES (6,"Zorbert", "Gaming", 90000, 2016-05-27, 2020-02-11);
INSERT INTO projects (id, title, category, funding_goal, start_date, end_date) VALUES (7,"Color Triarch", "Design", 6000, 2016-08-14, 2017-08-14);
INSERT INTO projects (id, title, category, funding_goal, start_date, end_date) VALUES (8,"Taxi Red", "Transportation", 80000, 2016-12-27, 2020-06-13);
INSERT INTO projects (id, title, category, funding_goal, start_date, end_date) VALUES (9,"Time Runner", "Productivity", 200000, 2018-12-02, 2020-02-10);
INSERT INTO projects (id, title, category, funding_goal, start_date, end_date) VALUES (10,"Time Adventure", "Gaming", 2000000, 2016-09-15, 2023-01-01);

INSERT INTO pledges (amount, user_id, project_id) VALUES (500,1,3);
INSERT INTO pledges (amount, user_id, project_id) VALUES (1000,1,10);
INSERT INTO pledges (amount, user_id, project_id) VALUES (200,2,6);
INSERT INTO pledges (amount, user_id, project_id) VALUES (800,2,7);
INSERT INTO pledges (amount, user_id, project_id) VALUES (2000,3,5);
INSERT INTO pledges (amount, user_id, project_id) VALUES (750,4,1);
INSERT INTO pledges (amount, user_id, project_id) VALUES (800,4,3);
INSERT INTO pledges (amount, user_id, project_id) VALUES (2000,5,10);
INSERT INTO pledges (amount, user_id, project_id) VALUES (10000,6,10);
INSERT INTO pledges (amount, user_id, project_id) VALUES (990,7,4);
INSERT INTO pledges (amount, user_id, project_id) VALUES (330,8,3);
INSERT INTO pledges (amount, user_id, project_id) VALUES (205,9,2);
INSERT INTO pledges (amount, user_id, project_id) VALUES (200000,10,10);
INSERT INTO pledges (amount, user_id, project_id) VALUES (150000,10,2);
INSERT INTO pledges (amount, user_id, project_id) VALUES (30000,11,10);
INSERT INTO pledges (amount, user_id, project_id) VALUES (40000,11,2);
INSERT INTO pledges (amount, user_id, project_id) VALUES (5000,12,7);
INSERT INTO pledges (amount, user_id, project_id) VALUES (8000,13,5);
INSERT INTO pledges (amount, user_id, project_id) VALUES (5000,14,3);
INSERT INTO pledges (amount, user_id, project_id) VALUES (20000,15,6);
INSERT INTO pledges (amount, user_id, project_id) VALUES (50000,15,1);
INSERT INTO pledges (amount, user_id, project_id) VALUES (15000,15,8);
INSERT INTO pledges (amount, user_id, project_id) VALUES (9000,16,2);
INSERT INTO pledges (amount, user_id, project_id) VALUES (11000,17,1);
INSERT INTO pledges (amount, user_id, project_id) VALUES (200000,17,10);
INSERT INTO pledges (amount, user_id, project_id) VALUES (9999,18,6);
INSERT INTO pledges (amount, user_id, project_id) VALUES (5000,18,2);
INSERT INTO pledges (amount, user_id, project_id) VALUES (7777,19,4);
INSERT INTO pledges (amount, user_id, project_id) VALUES (99999,20,10);
INSERT INTO pledges (amount, user_id, project_id) VALUES (88888,20,2);
