INSERT INTO projects (id, title, category, funding_goal, start_date, end_date) VALUES
(1, 'Start my investing', 'financial', 10000.00, '07/14/2017', '08/14/2017'),
(2, 'Buy a new car', 'automotive', 40000.00, '07/14/2017', '08/14/2017'),
(3, 'Pay my rent', 'financial', 500.00, '07/14/2017', '08/14/2017'),
(4, 'Book on Ruby', 'literature', 42.96, '07/14/2017', '08/14/2017'),
(5, 'Dog food for a year', 'pets', 722.63, '07/14/2017', '08/14/2017'),
(6, 'Netflix', 'tv services', 100.96, '07/14/2017', '08/14/2017'),
(7, 'Buy Reasonable Doubt', 'music', 10.15, '07/14/2017', '08/14/2017'),
(8, 'Get groceries for two weeks', 'household', 150.00, '07/14/2017', '08/14/2017'),
(9, 'New Mac', 'computers', 2600.00, '07/14/2017', '08/14/2017'),
(10, 'Get a new puppy', 'pets', 5000.00, '07/14/2017', '08/14/2017');

INSERT INTO users (id, name, age) VALUES
(1, "Joe", 18),
(2, "Sarah", 19),
(3, "Amanda", 19),
(4, "Nic", 26),
(5, "Brad", 29),
(6, "Joe", 32),
(7, "Vicky", 46),
(8, "Jeff", 21),
(9, "Jane", 22),
(10, "Kyle", 25),
(11, "Ned", 25),
(12, "Brad", 26),
(13, "Eugene", 36),
(14, "Sarah", 33),
(15, "Fred", 35),
(16, "Michael", 42),
(17, "Dwight", 38),
(18, "Jim", 35),
(19, "Pam", 35),
(20, "Kevin", 39);

INSERT INTO pledges (id, amount, user_id, project_id) VALUES
(1, 10.00, 1, 1),
(2, 20.00, 1, 1),
(3, 30.00, 1, 1),
(4, 40.00, 1, 2),
(5, 50.00, 1, 2),
(6, 60.00, 2, 2),
(7, 70.00, 2, 3),
(8, 80.00, 2, 3),
(9, 90.00, 2, 3),
(10, 100.00, 2, 1),
(11, 110.00, 3, 1),
(12, 120.00, 3, 1),
(13, 130.00, 3, 2),
(14, 140.00, 3, 2),
(15, 150.00, 3, 2),
(16, 160.00, 4, 3),
(17, 170.00, 4, 3),
(18, 180.00, 4, 3),
(19, 190.00, 4, 1),
(20, 200.00, 4, 1),
(21, 210.00, 5, 1),
(22, 220.00, 5, 2),
(23, 230.00, 5, 2),
(24, 240.00, 5, 2),
(25, 250.00, 5, 3),
(26, 260.00, 6, 3),
(27, 270.00, 6, 3),
(28, 280.00, 6, 1),
(29, 290.00, 6, 1),
(30, 300.00, 6, 1);
