INSERT INTO projects (id, title, category, funding_goal, start_date, end_date) VALUES (1, "SQL Automating", "SQL", 10000, "01/01/19", "01/31/19");
INSERT INTO projects (id, title, category, funding_goal, start_date, end_date) VALUES (2, "SQL Editing", "SQL", 20000, "01/01/19", "02/28/19");
INSERT INTO projects (id, title, category, funding_goal, start_date, end_date) VALUES (3, "New Ruby Editor", "Ruby", 15000, "12/12/19", "02/02/19");
INSERT INTO projects (id, title, category, funding_goal, start_date, end_date) VALUES (4, "Self Washing Car", "Auto", 1000000, "01/01/18", "12/31/18");
INSERT INTO projects (id, title, category, funding_goal, start_date, end_date) VALUES (5, "Dog Translator", "Pets", 250000, "01/01/19", "07/15/19");
INSERT INTO projects (id, title, category, funding_goal, start_date, end_date) VALUES (6, "Music Converter", "Music", 78500, "03/10/19", "05/15/19");
INSERT INTO projects (id, title, category, funding_goal, start_date, end_date) VALUES (7, "Smart Roads", "Infrasturcture", 2000000, "01/01/18", "01/31/19");
INSERT INTO projects (id, title, category, funding_goal, start_date, end_date) VALUES (8, "Carpet Roomba", "Small Appliances", 50000, "02/01/19", "03/30/19");
INSERT INTO projects (id, title, category, funding_goal, start_date, end_date) VALUES (9, "Knife Sharpener", "Small Appliances", 7500, "12/31/18", "01/31/19");
INSERT INTO projects (id, title, category, funding_goal, start_date, end_date) VALUES (10, "SQL GUI", "SQL", 88000, "05/07/18", "02/01/19");


INSERT INTO users (id, name, age) VALUES (1, "Amil", 27);
INSERT INTO users (id, name, age) VALUES (2, "Stephen", 21);
INSERT INTO users (id, name, age) VALUES (3, "Avi", 35);
INSERT INTO users (id, name, age) VALUES (4, "Amila", 32);
INSERT INTO users (id, name, age) VALUES (5, "Emily", 37);
INSERT INTO users (id, name, age) VALUES (6, "Asmir", 60);
INSERT INTO users (id, name, age) VALUES (7, "Donald", 22);
INSERT INTO users (id, name, age) VALUES (8, "Meghan", 24);
INSERT INTO users (id, name, age) VALUES (9, "Astra", 18);
INSERT INTO users (id, name, age) VALUES (10, "Jessica", 27);
INSERT INTO users (id, name, age) VALUES (11, "Jasmin", 64);
INSERT INTO users (id, name, age) VALUES (12, "Mirsada", 50);
INSERT INTO users (id, name, age) VALUES (13, "Elvir", 40);
INSERT INTO users (id, name, age) VALUES (14, "Edward", 20);
INSERT INTO users (id, name, age) VALUES (15, "Steven", 29);
INSERT INTO users (id, name, age) VALUES (16, "Aaron", 25);
INSERT INTO users (id, name, age) VALUES (17, "Micheal", 20);
INSERT INTO users (id, name, age) VALUES (18, "John", 33);
INSERT INTO users (id, name, age) VALUES (19, "Keith", 44);
INSERT INTO users (id, name, age) VALUES (20, "Beth", 36);

INSERT INTO pledges (id, amount, user_id, project_id) VALUES (1, 150, 1, 2);
INSERT INTO pledges (id, amount, user_id, project_id) VALUES (2, 200, 10, 1);
INSERT INTO pledges (id, amount, user_id, project_id) VALUES (3, 1140, 15, 3);
INSERT INTO pledges (id, amount, user_id, project_id) VALUES (4, 250, 7, 3);
INSERT INTO pledges (id, amount, user_id, project_id) VALUES (5, 2684, 20, 4);
INSERT INTO pledges (id, amount, user_id, project_id) VALUES (6, 111, 5, 5);
INSERT INTO pledges (id, amount, user_id, project_id) VALUES (7, 50, 6, 5);
INSERT INTO pledges (id, amount, user_id, project_id) VALUES (8, 1000, 18, 7);
INSERT INTO pledges (id, amount, user_id, project_id) VALUES (9, 6458, 5, 7);
INSERT INTO pledges (id, amount, user_id, project_id) VALUES (10, 1501, 2, 6);
INSERT INTO pledges (id, amount, user_id, project_id) VALUES (11, 4184, 3, 1);
INSERT INTO pledges (id, amount, user_id, project_id) VALUES (12, 111, 8, 5);
INSERT INTO pledges (id, amount, user_id, project_id) VALUES (13, 158, 12, 10);
INSERT INTO pledges (id, amount, user_id, project_id) VALUES (14, 468, 17, 10);
INSERT INTO pledges (id, amount, user_id, project_id) VALUES (15, 748, 19, 8);
INSERT INTO pledges (id, amount, user_id, project_id) VALUES (16, 7548, 4, 1);
INSERT INTO pledges (id, amount, user_id, project_id) VALUES (17, 456, 5, 6);
INSERT INTO pledges (id, amount, user_id, project_id) VALUES (18, 1111, 20, 6);
INSERT INTO pledges (id, amount, user_id, project_id) VALUES (19, 500, 2, 5);
INSERT INTO pledges (id, amount, user_id, project_id) VALUES (20, 6400, 12, 7);
INSERT INTO pledges (id, amount, user_id, project_id) VALUES (21, 100, 13, 1);
INSERT INTO pledges (id, amount, user_id, project_id) VALUES (22, 20, 1, 2);
INSERT INTO pledges (id, amount, user_id, project_id) VALUES (23, 4866, 3, 3);
INSERT INTO pledges (id, amount, user_id, project_id) VALUES (24, 150, 14, 4);
INSERT INTO pledges (id, amount, user_id, project_id) VALUES (25, 150, 15, 5);
INSERT INTO pledges (id, amount, user_id, project_id) VALUES (26, 1000, 16, 6);
INSERT INTO pledges (id, amount, user_id, project_id) VALUES (27, 1500, 6, 7);
INSERT INTO pledges (id, amount, user_id, project_id) VALUES (28, 1500, 17, 8);
INSERT INTO pledges (id, amount, user_id, project_id) VALUES (29, 2000, 19, 9);
INSERT INTO pledges (id, amount, user_id, project_id) VALUES (30, 200, 11, 10);
