
INSERT INTO users (id, name, age)
VALUES (1, "Tony", 44), (2, "Nick", 34), (3, "Kris", 32), (4, "Steph", 28), (5, "Kelly", 29), (6, "Charlie", 41), (7, "Carroll", 56), (8, "Jr", 58), (9, "John", 63), (10, "Louann", 65), (11, "David", 65),
(12, "Angie", 36), (13, "Noah", 29), (14, "Beth", 35), (15, "Tina", 21), (16, "Janet", 24), (17, "Alf", 18), (18, "Turtle", 28), (19, "Simon", 46), (20, "Alan", 21);

INSERT INTO projects (id, title, category, funding_goal, start_date, end_date)
VALUES (1, "Tonys Battle", "Health", 10000, 2015-06-05, 2017-8-28),
(2, "A Handful of Keys", "EDU", 5000, 2012-08-25, 2017-8-28),
(3, "Noel Family", "Memorials", 4000, 2015-03-11, 2017-8-28),
(4, "Project Truth", "Nonprofits", 10000, 2014-28-02, 2017-8-28),
(5, "Tacos for Tourists", "Entertainment", 8000, 2016-03-08, 2017-8-28),
(6, "Pied Piper", "Tech", 200000, 2017-01-02, 2017-8-28),
(7, "Vote Avi 2017", "Politics", 20000, 2017-06-07, 2017-8-28),
(8, "Floor Us!", "Religious", 1000, 2013-04-12, 2017-8-28),
(9, "Gatlinburg Wildfires", "Charities", 30000, 2016-12-11, 2017-8-28),
(10, "Send Donny to Moon", "Trips", 10000, 2015-10-15, 2017-8-28);


INSERT INTO pledges (id, amount, user_id, project_id)
VALUES (1, 10.00, 1, 2),
(2, 20.00, 1, 3),
(3, 40.00, 1, 4),
(4, 50.00, 2, 3),
(5, 10.00, 3, 2),
(6, 20.00, 4, 4),
(7, 40.00, 5, 10),
(8, 60.00, 6, 10),
(9, 50.00, 7, 9),
(10, 700.00, 8, 8),
(11, 1000.00, 8, 7),
(12, 40.00, 9, 6),
(13, 50.00, 9, 3),
(14, 50.00, 10, 4),
(15, 24.00, 12, 1),
(16, 34.00, 11, 1),
(17, 12.00, 13, 6),
(18, 19.00, 14, 5),
(19, 20.00, 15, 5),
(20, 40.00, 16, 6),
(21, 35.50, 17, 7),
(22, 40.00, 18, 8),
(23, 60.00, 19, 9),
(24, 70.00, 20, 10),
(25, 100.00, 20, 4),
(26, 40.00, 19, 1),
(27, 20.00, 18, 6),
(28, 90.00, 17, 9),
(29, 230.00, 16, 6),
(30, 450.00, 15, 5);
