insert into projects (id, title, category, funding_goal, start_date, end_date) values (1, 'nam', 'nisi', 273483, '2016-02-11', '2016-09-05');
insert into projects (id, title, category, funding_goal, start_date, end_date) values (2, 'leo', 'lectus', 114697, '2015-10-24', '2017-03-26');
insert into projects (id, title, category, funding_goal, start_date, end_date) values (3, 'nulla', 'pede', 409785, '2015-05-20', '2016-12-25');
insert into projects (id, title, category, funding_goal, start_date, end_date) values (4, 'vitae', 'sodales', 857929, '2016-01-14', '2016-09-19');
insert into projects (id, title, category, funding_goal, start_date, end_date) values (5, 'natoque', 'habitasse', 678415, '2015-08-11', '2017-02-28');
insert into projects (id, title, category, funding_goal, start_date, end_date) values (6, 'ipsum', 'est', 936768, '2015-05-16', '2016-09-15');
insert into projects (id, title, category, funding_goal, start_date, end_date) values (7, 'sapien', 'sapien', 118324, '2015-10-03', '2017-01-08');
insert into projects (id, title, category, funding_goal, start_date, end_date) values (8, 'dictumst', 'quisque', 21899, '2015-11-07', '2016-09-27');
insert into projects (id, title, category, funding_goal, start_date, end_date) values (9, 'vel', 'tincidunt', 828661, '2016-02-29', '2017-02-04');
insert into projects (id, title, category, funding_goal, start_date, end_date) values (10, 'metus', 'eget', 54146, '2015-11-19', '2016-08-05');

insert into users (id, name, age) values (1, 'Joyce Hanson', 43);
insert into users (id, name, age) values (2, 'Rebecca Torres', 41);
insert into users (id, name, age) values (3, 'Norma Nichols', 45);
insert into users (id, name, age) values (4, 'Victor Webb', 43);
insert into users (id, name, age) values (5, 'Ruby Matthews', 31);
insert into users (id, name, age) values (6, 'Kathryn Barnes', 34);
insert into users (id, name, age) values (7, 'Steve Ramirez', 25);
insert into users (id, name, age) values (8, 'James Marshall', 32);
insert into users (id, name, age) values (9, 'Kenneth Young', 31);
insert into users (id, name, age) values (10, 'Sarah Bennett', 30);
insert into users (id, name, age) values (11, 'Lawrence Campbell', 35);
insert into users (id, name, age) values (12, 'Shawn Baker', 33);
insert into users (id, name, age) values (13, 'Walter Willis', 45);
insert into users (id, name, age) values (14, 'Diana Hunter', 25);
insert into users (id, name, age) values (15, 'Ryan Lewis', 37);
insert into users (id, name, age) values (16, 'Phyllis Ferguson', 22);
insert into users (id, name, age) values (17, 'Kathleen Webb', 43);
insert into users (id, name, age) values (18, 'Janet Robertson', 32);
insert into users (id, name, age) values (19, 'Carl Stevens', 23);
insert into users (id, name, age) values (20, 'Evelyn Ford', 40);

insert into pledges (id, amount, user_id, project_id) values (1, 12645, 20, 7);
insert into pledges (id, amount, user_id, project_id) values (2, 19563, 2, 8);
insert into pledges (id, amount, user_id, project_id) values (3, 42202, 4, 8);
insert into pledges (id, amount, user_id, project_id) values (4, 9413, 14, 3);
insert into pledges (id, amount, user_id, project_id) values (5, 7916, 1, 4);
insert into pledges (id, amount, user_id, project_id) values (6, 932, 20, 10);
insert into pledges (id, amount, user_id, project_id) values (7, 29605, 17, 6);
insert into pledges (id, amount, user_id, project_id) values (8, 20770, 15, 8);
insert into pledges (id, amount, user_id, project_id) values (9, 4075, 4, 1);
insert into pledges (id, amount, user_id, project_id) values (10, 19288, 6, 1);
insert into pledges (id, amount, user_id, project_id) values (11, 14985, 15, 1);
insert into pledges (id, amount, user_id, project_id) values (12, 44811, 6, 1);
insert into pledges (id, amount, user_id, project_id) values (13, 8230, 10, 6);
insert into pledges (id, amount, user_id, project_id) values (14, 13344, 18, 7);
insert into pledges (id, amount, user_id, project_id) values (15, 5299, 12, 3);
insert into pledges (id, amount, user_id, project_id) values (16, 11637, 12, 4);
insert into pledges (id, amount, user_id, project_id) values (17, 38362, 19, 2);
insert into pledges (id, amount, user_id, project_id) values (18, 30779, 13, 1);
insert into pledges (id, amount, user_id, project_id) values (19, 40784, 20, 3);
insert into pledges (id, amount, user_id, project_id) values (20, 49736, 17, 10);
insert into pledges (id, amount, user_id, project_id) values (21, 43148, 1, 6);
insert into pledges (id, amount, user_id, project_id) values (22, 42352, 10, 1);
insert into pledges (id, amount, user_id, project_id) values (23, 32338, 20, 8);
insert into pledges (id, amount, user_id, project_id) values (24, 16535, 13, 2);
insert into pledges (id, amount, user_id, project_id) values (25, 6375, 15, 1);
insert into pledges (id, amount, user_id, project_id) values (26, 32049, 7, 6);
insert into pledges (id, amount, user_id, project_id) values (27, 27763, 6, 1);
insert into pledges (id, amount, user_id, project_id) values (28, 49708, 9, 4);
insert into pledges (id, amount, user_id, project_id) values (29, 8062, 20, 4);
insert into pledges (id, amount, user_id, project_id) values (30, 16456, 1, 5);