INSERT INTO users (id, name, age) VALUES
(1, 'Angelica', 12),
(2, 'Chris', 4),
(3, 'Mary', 44),
(4, 'Alan', 43),
(5, 'Nan', 67),
(6, 'Sol', 69), 
(7, 'Lucy', 59),
(8, 'Avery', 63),
(9, 'Rachel', 70),
(10, 'Kathie', 70),
(11, 'Bob', 30),
(12, 'Mel', 54),
(13, 'Sam', 24),
(14, 'Hagrid', 39),
(15, 'Louie', 143),
(16, 'Ricky', 35),
(17, 'Smith', 11),
(18, 'Ilana', 15),
(19, 'Tali', 14),
(20, 'Stephen', 4);

INSERT INTO projects (id, title, category, funding_goal, start_date, end_date) VALUES
(1, 'Raise money for charity', 'charity', 400.00, '2017-06-30', '2017-07-30'),
(2, 'Feed the hungry', 'hunger', 30.00, '2017-01-01', '2017-04-01'),
(3, 'Animal shelter', 'animals', 12000.00, '2017-05-30', '2017-05-30'),
(4, 'Feed kids', 'charity', 300.00, '2017-03-14', '2017-06-30'),
(5, 'Lucy and Ricky need a wedding', 'helpfulness', 6000.00, '2017-03-20', '2017-09-20'),
(6, 'Come from away two', 'broadway', 300.00, '2017-12-30', '2017-12-30'),
(7, 'I need an operation', 'charity', 1000.00, '2017-10-02', '2017-10-30'),
(8, 'I need new carpet', 'charity', 900.00, '2017-06-30', '2017-06-31'),
(9, 'I want to travel', 'travel', 2000.00, '2017-06-30', '2017-09-30'),
(10, 'Help save the whales', 'charity', 3000.00, '2017-03-20', '2017-06-30');

INSERT INTO pledges (id, amount, user_id, project_id) VALUES
(1, 10.00, 1, 2),
(2, 20.00, 1, 3),
(3, 40.00, 1, 4),
(4, 50.00, 2, 3),
(5, 10.00, 3, 2),
(6, 20.00, 4, 4),
(7, 40.00, 5, 10),
(8, 60.00, 6, 10),
(9, 50.00, 7, 9),
(10, 700.00, 8, 8),
(11, 1000.00, 8, 7),
(12, 40.00, 9, 6),
(13, 50.00, 9, 3),
(14, 50.00, 10, 4),
(15, 24.00, 12, 1),
(16, 34.00, 11, 1),
(17, 12.00, 13, 6),
(18, 19.00, 14, 5),
(19, 20.00, 15, 5),
(20, 40.00, 16, 6),
(21, 35.50, 17, 7),
(22, 40.00, 18, 8),
(23, 60.00, 19, 9),
(24, 70.00, 20, 10),
(25, 100.00, 20, 4),
(26, 40.00, 19, 1),
(27, 20.00, 18, 6),
(28, 90.00, 17, 9),
(29, 230.00, 16, 6),
(30, 450.00, 15, 5);
