INSERT INTO projects (id, title, category, funding_goal, start_date, end_date) VALUES
(1, 'Project 1', 'books', 1000.00, '2018-01-05', '2021-01-05'),
(2, 'Project 2', 'movies', 2000.00, '2018-02-01', '2018-12-31'),
(3, 'Project 3', 'music', 800.00, '2017-11-30', '2018-11-30'),
(4, 'Project 4', 'tech', 10000.00, '2018-01-26', '2020-01-26'),
(5, 'Project 5', 'books', 700.00, '2017-09-30', '2019-09-30'),
(6, 'Project 6', 'books', 1300.00, '2018-03-15', '2019-09-15'),
(7, 'Project 7', 'music', 600.00, '2018-04-01', '2019-04-01'),
(8, 'Project 8', 'movies', 1700.00, '2018-05-01', '2020-05-01'),
(9, 'Project 9', 'tech', 5000.00, '2018-05-15', '2019-12-31'),
(10, 'Project 10', 'music', 6000.00, '2018-03-31', '2019-03-31');

INSERT INTO users (id, name, age) VALUES
(1, "Danielle", 23), (2, "Nick", 33), (3, "Sam", 19), (4, "Rick", 42), (5, "Paige", 28), (6, "Mike", 25),
(7, "Tom", 31), (8, "Mark", 26), (9, "Olivia", 30), (10, "Nicole", 39), (11, "Ryan", 28), (12, "Jim", 36),
(13, "Scott", 25), (14, "Simon", 45), (15, "Tina", 35), (16, "Julia", 18), (17, "Joe", 26), (18, "Felix", 42),
(19, "Jane", 34), (20, "Parker", 20);

INSERT INTO pledges (id, amount, user_id, project_id) VALUES
(1, 40.00, 17, 8), (2, 50.00, 11, 4), (3, 140.00, 3, 1), (4, 80.00, 16, 9), (5, 150.00, 9, 2), (6, 30.00, 10, 3),
(7, 20.00, 20, 10), (8, 30.00, 18, 5), (9, 60.00, 12, 6), (10, 120.00, 15, 7), (11, 75.00, 14, 5), (12, 50.00, 13, 7),
(13, 35.00, 1, 9), (14, 25.00, 2, 8), (15, 500.00, 4, 1), (16, 85.00, 12, 2), (17, 95.00, 20, 10), (18, 740.00, 5, 6),
(19, 225.00, 8, 4), (20, 160.00, 7, 3), (21, 170.00, 19, 7), (22, 35.00, 14, 6), (23, 100.00, 13, 1), (24, 80.00, 12, 2),
(25, 145.00, 3, 3), (26, 300.00, 1, 5), (27, 90.00, 16, 4), (28, 75.00, 15, 5), (29, 50.00, 8, 10), (30, 60.00, 20, 10);
