INSERT into projects(id, title, category, Funding_goal, Start_date, end_date) values (001,'PMO','Music', '$1000', 05/29/2018, 06/05/2018);
INSERT into projects(id, title, category, Funding_goal, Start_date, end_date) values (002,'programming','books', '$100', 05/29/2017, 06/05/2017);
INSERT into projects(id, title, category, Funding_goal, Start_date, end_date) values (003,'DEV','Drama', '$9000', 07/29/2018, 08/05/2018);
INSERT into projects(id, title, category, Funding_goal, Start_date, end_date) values (004,'PROD','Ball', '$500', 08/29/2018, 09/05/2018);
INSERT into projects(id, title, category, Funding_goal, Start_date, end_date) values (005,'FOOD','Caps', '$300', 09/29/2018, 10/05/2018);
INSERT into projects(id, title, category, Funding_goal, Start_date, end_date) values (006,'CAR','Caps', '$2500', 10/29/2018, 11/05/2018);
INSERT into projects(id, title, category, Funding_goal, Start_date, end_date) values (007,'CDR','Drama', '$100', 11/29/2018, 12/05/2018);
INSERT into projects(id, title, category, Funding_goal, Start_date, end_date) values (008,'CDY','Development', '$150', 12/29/2018, 01/05/2019);
INSERT into projects(id, title, category, Funding_goal, Start_date, end_date) values (009,'TREE','Sports', '$180', 01/29/2019, 02/05/2019);
INSERT into projects(id, title, category, Funding_goal, Start_date, end_date) values (0010,'LESS','Ball', '$10', 02/25/2019, 06/05/2019);

INSERT into USERS values (1, "Jennifer", 25);
INSERT into USERS values (2, "Conner", 25);
INSERT into USERS values (3, "Alex", 20);
INSERT into USERS values (4, "Ale", 15);
INSERT into USERS values (5, "Paul", 35);
INSERT into USERS values (6, "Brad", 45);
INSERT into USERS values (7, "Angela", 18);
INSERT into USERS values (8, "Richard", 30);
INSERT into USERS values (9, "Lucas", 30);
INSERT into USERS values (10, "Akon", 28);
INSERT into USERS values (11, "Aiden", 19);
INSERT into USERS values (12, "Cory", 55);
INSERT into USERS values (13, "John", 38);
INSERT into USERS values (14, "Claire", 40);
INSERT into USERS values (15, "Diana", 58);
INSERT into USERS values (16, "Carla", 20);
INSERT into USERS values (17, "Jones", 34);
INSERT into USERS values (18, "Jacob", 35);
INSERT into USERS values (19, "katie", 45);
INSERT into USERS values (20, "Tom", 65);

INSERT INTO pledges (amount, user_id, project_id) VALUES (35, 1, 2);
INSERT INTO pledges (amount, user_id, project_id) VALUES (40, 1, 5);
INSERT INTO pledges (amount, user_id, project_id) VALUES (25, 1, 9);
INSERT INTO pledges (amount, user_id, project_id) VALUES (20, 2, 8);
INSERT INTO pledges (amount, user_id, project_id) VALUES (20, 2, 4);
INSERT INTO pledges (amount, user_id, project_id) VALUES (50, 3, 8);
INSERT INTO pledges (amount, user_id, project_id) VALUES (50, 3, 1);
INSERT INTO pledges (amount, user_id, project_id) VALUES (50, 4, 2);
INSERT INTO pledges (amount, user_id, project_id) VALUES (50, 5, 3);
INSERT INTO pledges (amount, user_id, project_id) VALUES (35, 5, 4);
INSERT INTO pledges (amount, user_id, project_id) VALUES (100, 6, 7);
INSERT INTO pledges (amount, user_id, project_id) VALUES (100, 6, 3);
INSERT INTO pledges (amount, user_id, project_id) VALUES (100, 6, 10);
INSERT INTO pledges (amount, user_id, project_id) VALUES (100, 6, 5);
INSERT INTO pledges (amount, user_id, project_id) VALUES (25, 7, 5);
INSERT INTO pledges (amount, user_id, project_id) VALUES (25, 7, 3);
INSERT INTO pledges (amount, user_id, project_id) VALUES (100, 8, 9);
INSERT INTO pledges (amount, user_id, project_id) VALUES (25, 8, 2);
INSERT INTO pledges (amount, user_id, project_id) VALUES (35, 9, 9);
INSERT INTO pledges (amount, user_id, project_id) VALUES (50, 10, 10);
INSERT INTO pledges (amount, user_id, project_id) VALUES (30, 11, 1);
INSERT INTO pledges (amount, user_id, project_id) VALUES (25, 12, 1);
INSERT INTO pledges (amount, user_id, project_id) VALUES (50, 13, 10);
INSERT INTO pledges (amount, user_id, project_id) VALUES (10, 14, 4);
INSERT INTO pledges (amount, user_id, project_id) VALUES (40, 15, 3);
INSERT INTO pledges (amount, user_id, project_id) VALUES (20, 16, 6);
INSERT INTO pledges (amount, user_id, project_id) VALUES (15, 17, 9);
INSERT INTO pledges (amount, user_id, project_id) VALUES (50, 18, 5);
INSERT INTO pledges (amount, user_id, project_id) VALUES (15, 19, 4);
INSERT INTO pledges (amount, user_id, project_id) VALUES (25, 20, 1);
