INSERT INTO users (id, name, age) VALUES (1, 'Jameson', 30), (2, 'Jessica', 24), (3, 'Megan', 29), (4, 'Tristin', 24),
(5, 'Michael', 25), (6, 'Kevin', 63), (7, 'Barbara', 62), (8, 'Robert', 70), (9, 'Cheryl', 64), (10, 'Amy', 27),
(11, 'Kate', 25), (12, 'Rich', 31), (13, 'David', 23), (14, 'Christopher', 22), (15, 'Ashley', 17), (16, 'Micah', 20),
(17, 'Jonathan', 42), (18, 'Frank', 47), (19, 'Rebecca', 25), (20, 'Brittney', 24);

INSERT INTO pledges (id, amount, user_id, project_id) VALUES
(1, 14.00, 1, 7),
(2, 200.00, 3, 1),
(3, 45.00, 1, 46),
(4, 500.00, 2, 5),
(5, 150.00, 3, 9),
(6, 20.00, 4, 4),
(7, 40.00, 5, 10),
(8, 60.00, 6, 10),
(9, 500, 7, 9),
(10, 700.00, 8, 8),
(11, 1000.00, 8, 7),
(12, 40.00, 9, 6),
(13, 450.00, 9, 3),
(14, 30.00, 10, 4),
(15, 10.00, 12, 1),
(16, 14.00, 11, 1),
(17, 35.00, 13, 6),
(18, 22.00, 14, 5),
(19, 17.00, 15, 5),
(20, 20.00, 16, 6),
(21, 100.50, 17, 7),
(22, 50.00, 18, 8),
(23, 75.00, 19, 9),
(24, 700.00, 20, 10),
(25, 10.00, 20, 4),
(26, 30.00, 19, 1),
(27, 200.00, 18, 6),
(28, 30.00, 17, 9),
(29, 130.00, 16, 6),
(30, 50.00, 15, 5);

INSERT INTO projects (id, title, category, funding_goal, start_date, end_date) VALUES
(1, 'Help me purchase a computer', 'technology', 200.00, '2014-08-30', '2014-09-30'),
(2, 'My animation book', 'books', 40.00, '2017-02-015', '2017-03-30'),
(3, 'The next Star Wars', 'movies', 2500.00, '2016-03-15', '2016-06-30'),
(4, 'Homeless need donations', 'charity', 200.00, '2017-06-20', '2017-07-20'),
(5, 'Buying my first car', 'auto', 5000.00, '2014-01-20', '2014-04-20'),
(6, 'Recording my next album', 'music', 300.00, '2015-1-30', '2015-2-30'),
(7, 'I need new clothes', 'charity', 500.00, '2011-10-02', '2011-11-30'),
(8, 'I need to move into a new apartment', 'charity', 1200.00, '2014-04-30', '2014-06-31'),
(9, 'I want to build a new desk', 'charity', 1000.00, '2016-06-10', '2016-09-30'),
(10, 'Help save endangered animals', 'charity', 4000.00, '2013-03-10', '2013-06-30');
