INSERT INTO projects (id, title, category, funding_goal, start_date, end_date) VALUES (1, "Project 1", "Red", 100000, "10/1/2016", "10/31/2016");
INSERT INTO projects (id, title, category, funding_goal, start_date, end_date) VALUES (2, "Project 2", "Orange", 50000, "11/1/2017", "11/15/2017");
INSERT INTO projects (id, title, category, funding_goal, start_date, end_date) VALUES (3, "Project 3", "Red", 150000, "11/1/2017", "11/30/2017");
INSERT INTO projects (id, title, category, funding_goal, start_date, end_date) VALUES (4, "Project A", "Orange", 10000, "12/1/2017", "12/5/2017");
INSERT INTO projects (id, title, category, funding_goal, start_date, end_date) VALUES (5, "Project B", "Blue", 500000, "9/15/2016", "10/15/2016");
INSERT INTO projects (id, title, category, funding_goal, start_date, end_date) VALUES (6, "Project C", "Blue", 15000, "12/1/2016", "12/3/2016");
INSERT INTO projects (id, title, category, funding_goal, start_date, end_date) VALUES (7, "The Big Project", "Blue", 5000000, "1/1/2017", "12/31/2017");
INSERT INTO projects (id, title, category, funding_goal, start_date, end_date) VALUES (8, "Gala", "Orange", 500000, "10/1/2017", "10/2/2017");
INSERT INTO projects (id, title, category, funding_goal, start_date, end_date) VALUES (9, "Project 4", "Red", 300000, "11/16/2017", "11/30/2017");
INSERT INTO projects (id, title, category, funding_goal, start_date, end_date) VALUES (10, "Project 5", "Orange", 15000, "8/1/2016", "8/15/2016");
INSERT INTO users (id, name, age) VALUES (1, "John", 20);
INSERT INTO users (id, name, age) VALUES (2, "Jerry", 32);
INSERT INTO users (id, name, age) VALUES (3, "Chrissy", 30);
INSERT INTO users (id, name, age) VALUES (4, "Justin", 32);
INSERT INTO users (id, name, age) VALUES (5, "Adam", 18);
INSERT INTO users (id, name, age) VALUES (6, "Allison", 24);
INSERT INTO users (id, name, age) VALUES (7, "Eric", 35);
INSERT INTO users (id, name, age) VALUES (8, "Allen", 44);
INSERT INTO users (id, name, age) VALUES (9, "Gerry", 52);
INSERT INTO users (id, name, age) VALUES (10, "Frances", 62);
INSERT INTO users (id, name, age) VALUES (11, "Frank", 53);
INSERT INTO users (id, name, age) VALUES (12, "Leah", 22);
INSERT INTO users (id, name, age) VALUES (13, "Erin", 33);
INSERT INTO users (id, name, age) VALUES (14, "Patty", 45);
INSERT INTO users (id, name, age) VALUES (15, "Sarah", 19);
INSERT INTO users (id, name, age) VALUES (16, "Robert", 28);
INSERT INTO users (id, name, age) VALUES (17, "Andrew", 29);
INSERT INTO users (id, name, age) VALUES (18, "Alyssa", 32);
INSERT INTO users (id, name, age) VALUES (19, "James", 52);
INSERT INTO users (id, name, age) VALUES (20, "Erica", 42);
INSERT INTO pledges (id, amount, user_id, project_id) VALUES (1, 10000, 19, 7);
INSERT INTO pledges (id, amount, user_id, project_id) VALUES (2, 200, 14, 6);
INSERT INTO pledges (id, amount, user_id, project_id) VALUES (3, 500, 18, 4);
INSERT INTO pledges (id, amount, user_id, project_id) VALUES (4, 50, 5, 9);
INSERT INTO pledges (id, amount, user_id, project_id) VALUES (5, 100, 6, 8);
INSERT INTO pledges (id, amount, user_id, project_id) VALUES (6, 15000, 18, 6);
INSERT INTO pledges (id, amount, user_id, project_id) VALUES (7, 200000, 17, 8);
INSERT INTO pledges (id, amount, user_id, project_id) VALUES (8, 1000, 4, 7);
INSERT INTO pledges (id, amount, user_id, project_id) VALUES (9, 25, 1, 1);
INSERT INTO pledges (id, amount, user_id, project_id) VALUES (10, 500, 14, 9);
INSERT INTO pledges (id, amount, user_id, project_id) VALUES (11, 75, 12, 4);
INSERT INTO pledges (id, amount, user_id, project_id) VALUES (12, 600, 8, 2);
INSERT INTO pledges (id, amount, user_id, project_id) VALUES (13, 10000, 10, 3);
INSERT INTO pledges (id, amount, user_id, project_id) VALUES (14, 5000, 5, 2);
INSERT INTO pledges (id, amount, user_id, project_id) VALUES (15, 500, 4, 2);
INSERT INTO pledges (id, amount, user_id, project_id) VALUES (16, 100000, 7, 7);
INSERT INTO pledges (id, amount, user_id, project_id) VALUES (17, 12000, 8, 4);
INSERT INTO pledges (id, amount, user_id, project_id) VALUES (18, 15000, 5, 2);
INSERT INTO pledges (id, amount, user_id, project_id) VALUES (19, 8000, 12, 6);
INSERT INTO pledges (id, amount, user_id, project_id) VALUES (20, 850, 10, 2);
INSERT INTO pledges (id, amount, user_id, project_id) VALUES (21, 500, 11, 7);
INSERT INTO pledges (id, amount, user_id, project_id) VALUES (22, 400, 12, 5);
INSERT INTO pledges (id, amount, user_id, project_id) VALUES (23, 200, 15, 9);
INSERT INTO pledges (id, amount, user_id, project_id) VALUES (24, 1000, 8, 5);
INSERT INTO pledges (id, amount, user_id, project_id) VALUES (25, 800, 9, 8);
INSERT INTO pledges (id, amount, user_id, project_id) VALUES (26, 2000, 8, 6);
INSERT INTO pledges (id, amount, user_id, project_id) VALUES (27, 2500, 7, 10);
INSERT INTO pledges (id, amount, user_id, project_id) VALUES (28, 750, 2, 8);
INSERT INTO pledges (id, amount, user_id, project_id) VALUES (29, 2000, 3, 7);
INSERT INTO pledges (id, amount, user_id, project_id) VALUES (30, 1500, 4, 6);
