INSERT INTO users (id, name, age) VALUES (1,'Apple', 18), (2,'Berry', 19), (3,'Cranberry', 20), (4,'DragonFruit', 21), (5,'Edward', 22), (6,'Frank', 23), (7,'Georgia', 24), (8,'Howard', 25),(9,'Iodine',26), (10, 'Jackie', 27), (11, 'Howard', 28), (12, 'Iquierzda', 29), (13,'Jacqueline',30), (14, 'Katie',22 ), (15, 'Larry', 25), (16, 'Mary' , 35), (17, 'Maury', 26), (18, 'Lawrence', 40), (19, 'Richard', 34) , (20, 'Gymnitta', 28);

INSERT INTO projects (id, title, category, funding_goal, start_date, end_date) VALUES (1, "Bike Fund", "Lifestyle", 100, '05/15/2017', '05/28/2017'), (2, "Backpacking through Europe", "Travel",10000, '05/02/2017', '05/28/2017'), (3, "Non Profit Goal for Feeding Hungry US Children", "Charity", 10000, '05/02/2017', '05/28/2017'), (4, "Go go Gadget", "Tech",8000, '07/02/2017', '07/28/2017'), (5, "Walking Stick", "Health",500, '06/02/2017', '06/28/2017'), (6, "Backpacking Through East Asia", 'Travel', 800, '08/09/2017', '09/12/2017'), (7, "Bootcamp Tuition", 'Education', 12000, '08/09/2017', '09/12/2017'), (8, "Highligther Pen that records notes", 'Tech', 800, '09/09/2017', '09/12/2017'), (9, "Chocolate Tour for kids", 'Education', 900, '08/01/2017', '08/12/2017'), (10, "Backpacking Through Africa", 'Travel', 5000, '08/09/2017', '09/12/2017');

INSERT INTO pledges (id, amount, user_id, project_id) VALUES (1, 200, 1, 5), (2, 200, 2, 10), (3, 100, 3, 5), (4, 150, 6, 5),(5, 200, 1, 5),(6, 200, 1, 5),(7, 500, 20, 2),(8, 275, 19, 1),(9, 200, 18, 10),(10, 800, 17, 9),(11, 260, 16, 8),(12, 200, 15, 7),(13, 240, 14, 6),(14, 275, 13, 5),(15, 600, 12, 4),(16, 2000, 11, 3),(17, 200, 10, 2),(18, 100, 9, 1),(19, 270, 8, 10),(20, 400, 7, 9),(21, 400, 6, 8),(22, 350, 5, 7),(23, 100, 4, 6),(24, 50, 3, 5),(25, 160, 2, 4),(26, 100, 1, 3),(27, 300, 14, 2),(28, 150, 14, 6),(29, 1000, 8, 1),(30, 300, 18, 9);
