INSERT INTO users (id, name, age) VALUES (1, 'John Dorian', 37), (2, 'Chris Turk', 35), (3, 'Elliot Reid', 32), (4, 'Percival Ulysses Cox', 45), (5, 'Robert Kelso', 65), (6, 'Theodore Buckland', 52), (7, 'Carla Juanita Espinosa', 45), (8, 'Laverne Roberts', 50), (9, 'The Todd', 34), (10, 'Glenn Matthews', 46), (11, 'Coleman Slawski', 60), (12, 'Keith Dudemeister', 26), (13, 'Jordan Sullivan', 40), (14, 'Ben Sullivan', 35), (15, 'Molly Clock', 24), (16, 'Denise Mahoney', 21), (17, 'Doug Murphy', 28), (18, 'Danni Sullivan', 35), (19, 'LLoyd Slawski', 40), (20, 'Randall Winston', 44);
INSERT INTO projects (id, title, category, funding_goal, start_date, end_date) VALUES 
(1, 'My Tuscaloosa Heart', 'bonding', 180.00, '2001-10-04', '2002-03-12'), 
(2, 'My Brother, my Keeper', 'family', 3800.00, '2002-09-26', '2003-01-23'), 
(3, 'My Screw up', 'heartbreak', 1000.00, '202003-10-02', '2004-02-24'), 
(4, 'My office', 'bonding', 480.00, '2004-08-31', '2004-09-07'), 
(5, 'My Lunch', 'heartbreak', 600.00, '2006-01-17', '2006-04-25'), 
(6, 'My Road to Nowhere', 'bonding', 618.00, '2006-11-30', '2007-02-08'), 
(7, 'My Hard Labor', 'baby', 2222.00, '2007-10-25', '2007-11-01'), 
(8, 'My Finale', 'Finale', 8169.00, '2009-01-06', '2009-05-06'), 
(9, 'Seriously, this season is terrible', 'never again', 0.00, '2009-12-01', '2010-03-17'), 
(10, 'My Musical', 'musical', 5000.00, '2007-02-08', '2007-02-08');
INSERT INTO pledges (id, amount, user_id, project_id) VALUES
(1, 10.00, 1, 2), 
(2, 20.00, 1, 3), 
(3, 30.00, 1, 4), 
(4, 40.00, 2, 3), 
(5, 50.00, 3, 2), 
(6, 60.00, 4, 4), 
(7, 70.00, 5, 10), 
(8, 80.00, 6, 10), 
(9, 90.00, 7, 9), 
(10, 100.00, 8, 8), 
(11, 90.00, 8, 7), 
(12, 80.00, 9, 6), 
(13, 70.00, 9, 3), 
(14, 60.00, 10, 4), 
(15, 50.00, 12, 1), 
(16, 40.00, 11, 1), 
(17, 30.00, 13, 6), 
(18, 20.00, 14, 5), 
(19, 10.00, 15, 5), 
(20, 100.00, 16, 6), 
(21, 110.00, 17, 7), 
(22, 110.10, 18, 8), 
(23, 112.11, 19, 9), 
(24, 11.11, 20, 10), 
(25, 100.00, 20, 4), 
(26, 20.00, 19, 1), 
(27, 40.00, 18, 6), 
(28, 60.00, 17, 9), 
(29, 80.00, 16, 6), 
(30, 1000.00, 15, 5);