INSERT INTO users (id, name, age) VALUES (1, "Joe", 21), (2, "John", 33), (3, "Paul", 44), (4, "Susie", 18), (5, "Vanessa", 24), (6, "Robert", 25), (7, "Elijah", 3), (8, "Hannah", 2), (9, "Joemar", 55), (10, "Poe", 93), (11, "Rob", 21), (12, "Jone", 33), (13, "Craff", 44), (14, "Sledge", 18), (15, "Isaiah", 24), (16, "Cleeb", 25), (17, "Mern", 3), (18, "Relff", 2), (19, "Pleed", 55), (20, "Vello", 93);

INSERT INTO projects (id, title, category, funding_goal, start_date, end_date) VALUES (1, "Shoes", "Clothes", 20000, "2016-01-22", "2016-03-22"), (2, "Pants", "Clothes", 10000, "2016-01-02", "2016-03-02"), (3, "Racing Pants", "Clothes", 203000, "2015-01-22", "2016-01-22"), (4, "Watch", "Clothes", 2000, "2016-01-01", "2016-03-01"), (5, "Speakers", "Electronics", 15000, "2016-01-11", "2016-03-11"), (6, "Flower Pot", "Household", 200, "2016-01-10", "2016-03-10"), (7, "Cup", "Household", 2, "2016-02-22", "2016-04-22"), (8, "Keyboard", "Electronics", 2000000, "2016-01-13", "2017-03-13"), (9, "Spoon", "Household", 1000, "2016-01-22", "2016-03-22"), (10, "Crocs", "Clothes", 13000, "2016-01-22", "2016-03-22");

INSERT INTO pledges (id, amount, user_id, project_id) VALUES (1, 100, 1, 4),(2, 100, 2, 1),(3, 100, 3, 2),(4, 100, 6, 3),(5, 100, 2, 4),(6, 100, 9, 5),(7, 100, 7, 6),(8, 100, 11, 7),(9, 100, 12, 8),(10, 100, 15, 9),(11, 100, 14, 10),(12, 100, 6, 1),(13, 100, 2, 2),(14, 100, 19, 3),(15, 100, 20, 4),(16, 100, 11, 5),(17, 100, 13, 3),(18, 100, 18, 2),(19, 100, 8, 9),(20, 100, 10, 10),(21, 100, 2, 2),(22, 100, 1, 3),(23, 100, 3, 4),(24, 100, 5, 4),(25, 100, 20, 5),(26, 100, 5, 6),(27, 100, 6, 8),(28, 100, 7, 8),(29, 100, 8, 9),(30, 100, 9, 1);
