INSERT INTO projects (id, title, category, funding_goal, start_date, end_date) VALUES
(1, "The Cat Rescuers Documentary", "Documentary", 50000, "2017-04-26", "2017-05-25"),
(2, "Tropics Juice Bar", "Food", 60000, "2017-04-22", "2017-05-17"),
(3, "Star Bright Farm: Our First Field", "Farms", 15000, "2017-04-14", "2017-05-20"),
(4, "A Honeybee Habitat for Bee Survival", "Community Gardens", 7200, "2017-04-15", "2017-05-16"),
(5, "Duty Free: A Documentary Film", "Documentary", 50000, "2017-04-02", "2017-05-31"),
(6, "Chinatown Rising", "Documentary", 45000, "2017-04-12", "2017-06-01"),
(7, "Plant Lavender on The Farm at SummitWynds", "Farms", 6500, "2017-05-04", "2017-06-10"),
(8, "Performance Nut Butter: On-The-Go Paleo and Vegan Snack", "Food", 10000, "2017-05-03", "2017-06-09"),
(9, "The Light of Deaf Women: Inspirational Stories", "Publishing", 11733, "2017-04-29", "2017-05-22"),
(10, "36 Views of Philadelphia: Postcard Book", "Art", 2500, "2017-04-10", "2017-06-05");

INSERT INTO users (id, name, age) VALUES
(1, "Jenna", 26),
(2, "Michael", 25),
(3, "Rachel", 29),
(4, "Sari", 30),
(5, "Joseph", 24),
(6, "Raymond", 13),
(7, "Thomas", 62),
(8, "Cynthia", 63),
(9, "Tina", 61),
(10, "Julie", 26),
(11, "Larry", 68),
(12, "Monica", 30),
(13, "Danny", 28),
(14, "Brandon", 35),
(15, "Delilah", 24),
(16, "Kimberly", 23),
(17, "Lillie", 91),
(18, "Anne", 88),
(19, "Seymour", 89),
(20, "John", 93);

INSERT INTO pledges (id, amount, user_id, project_id) VALUES
(1, 30, 1, 7),
(2, 15, 2, 2),
(3, 75, 3, 9),
(4, 10, 4, 8),
(5, 25, 5, 1),
(6, 5, 6, 8),
(7, 20, 7, 8),
(8, 50, 8, 3),
(9, 250, 9, 9),
(10, 15, 10, 4),
(11, 15, 11, 10),
(12, 10, 12, 6),
(13, 125, 13, 5),
(14, 10, 14, 10),
(15, 50, 15, 8),
(16, 100, 16, 7),
(17, 50, 17, 1),
(18, 145, 18, 7),
(19, 40, 19, 1),
(20, 80, 20, 3),
(21, 35, 5, 5),
(22, 5, 6, 3),
(23, 10, 15, 3),
(24, 5, 2, 10),
(25, 15, 10, 6),
(26, 60, 8, 9),
(27, 75, 17, 9),
(28, 25, 1, 9),
(29, 10, 19, 1),
(30, 500, 16, 1);
