INSERT INTO users (id, name, age) VALUES 
(1, 'Danny', 26), 
(2, 'Annalisa', 27), 
(3, 'Thalia', 30), 
(4, 'Andy', 23), 
(5, 'Jamilya', 27), 
(6, 'Diane', 26), 
(7, 'Allison', 26), 
(8, 'Hector', 28), 
(9, 'Andrew', 28), 
(10, 'Claire', 29), 
(11, 'Felice', 55), 
(12, 'John', 24), 
(13, 'Amanda', 25), 
(14, 'Cecilia', 26), 
(15, 'Obama', 55), 
(16, 'Person', 14), 
(17, 'Baby', 1), 
(18, 'Dick', 69), 
(19, 'OK', 12), 
(20, 'Zimbabwe', 21);

INSERT INTO projects (id, title, category, funding_goal, start_date, end_date) VALUES 
(1, 'Find job', 'life', 500000000, 'September 2017', 'September 2018'), 
(2, 'black lives matter', 'combating racism', 10090, 'September 2018', 'September 2019'), 
(3, 'crying alone in the corner', 'combating depression', 12200, 'September 1989', 'Septemebr 2099'), 
(4, 'video documentary on rape culture', 'dismantling the patriarchy', 190038, 'Sept 1990', 'Oct 1955'), 
(5, 'teaching girls how to code', 'investing in our future', 1234658, 'July 1923', 'March 2203'), 
(6, 'Ballet performance', 'dance', 130, 'Sept 1992', 'April 12230'), 
(7, 'Feeding the homeless', 'good deeds', 99999999, 'January 2017', 'March 2089'), 
(8, 'High school basketball trip', 'high school', 3123, 'September 2016', 'September 2017'), 
(9, 'High school volleyball trip', 'high school', 3459, 'September 2016', 'September 2017'), 
(10, 'Vogue Knights', 'dance', 5000, 'September 2019', 'September 2020');

INSERT INTO pledges (id, amount, user_id, project_id) VALUES
(1, 5, 1, 10), 
(2, 10, 2, 9), 
(3, 15, 3, 8), 
(4, 20, 4, 7), 
(5, 25, 5, 6), 
(6, 30, 6, 5), 
(7, 35, 7, 4), 
(8, 40, 8, 3), 
(9, 45, 9, 2), 
(10, 50, 10, 1), 
(11, 55, 11, 2), 
(12, 60, 12, 3), 
(13, 65, 13, 4), 
(14, 70, 14, 5), 
(15, 75, 15, 6), 
(16, 80, 16, 7), 
(17, 85, 17, 8), 
(18, 90, 18, 9), 
(19, 95, 19, 10), 
(20, 100, 20, 9), 
(21, 105, 1, 8), 
(22, 110, 2, 7), 
(23, 115, 3, 6), 
(24, 120, 4, 5), 
(25, 125, 5, 4), 
(26, 130, 6, 3), 
(27, 135, 7, 2), 
(28, 140, 8, 1), 
(29, 145, 9, 2), 
(30, 150, 10, 3);