INSERT INTO projects (id,title, category, funding_goal, start_date, end_date) VALUES
(1,"Donation", "Personal", 1000000, "2017-06-29", '2018-07-30'),
(2,"Hana", "Help", 21800, "2017-09-15", '2018-07-30'),
(3,"Travel", "Leisure", 181600, "2016-11-06",'2018-07-30'),
(4,"Laptop", "Electronics", 2000000, "2017-03-23",'2018-07-30'),
(5,"Water", "New_tech", 1000000, "2017-06-06",'2018-07-30'),
(6,"House", "New_tech", 21800, "2017-04-20",'2018-07-30'),
(7,"Farm", "New_tech", 181600, "2017-01-08",'2018-07-30'),
(8,"Hoverboard", "Electronics", 2000000, "2017-05-19",'2018-07-30'),
(9,"Plane", "Personal", 181600, "2017-09-18",'2018-07-30'),
(10,"New", "Scientific", 2000000, "2017-08-13",'2018-07-30');

INSERT INTO users (id,name, age) VALUES
(1,"John", 24),
(2,"Mary", 18),
(3,"Penny", 54),
(4,"Elisa", 45),
(5,"Sophie", 30),
(6,"Kelsey", 27),
(7,"Peter", 36),
(8,"Bernard", 33),
(9,"Jarret", 61),
(10,"Joseph", 35),
(11,"Bill", 21),
(12,"Will", 25),
(13,"Geral", 41),
(14,"Lisa", 38),
(15,"Sarah", 29),
(16,"Steph",32),
(17,"Kelli",33),
(18,"Skye",34),
(19,"Omar",35),
(20,"Lili",36);

INSERT INTO pledges (id, amount, user_id, project_id) VALUES
(1, 10, 1, 2),
(2, 20, 1, 3),
(3, 40, 1, 4),
(4, 50, 2, 3),
(5, 10, 3, 2),
(6, 20, 4, 4),
(7, 40, 5, 10),
(8, 60, 6, 10),
(9, 50, 7, 9),
(10, 700, 8, 8),
(11, 1000, 8, 7),
(12, 40, 9, 6),
(13, 50, 9, 3),
(14, 50, 10, 4),
(15, 24, 12, 1),
(16, 34, 11, 1),
(17, 12, 13, 6),
(18, 19, 14, 5),
(19, 20, 15, 5),
(20, 40, 16, 6),
(21, 35, 17, 7),
(22, 40, 18, 8),
(23, 60, 19, 9),
(24, 70, 20, 10),
(25, 100, 20, 4),
(26, 40, 19, 1),
(27, 20, 18, 6),
(28, 90, 17, 9),
(29, 230, 16, 6),
(30, 450, 15, 5);
