INSERT INTO users (id, name, age) VALUES 
(1, "Autumn", 4),
(2, "Carol", 65),
(3, "Richard", 40),
(4, "Lissette", 40),
(5, "Jason", 33),
(6, "Bob", 41),
(7, "Ann Marie", 36),
(8, "Bill", 41),
(9, "Wally", 24),
(10, "Matt", 26),
(11, "Jacob", 26),
(12, "Noah", 22),
(13, "Stephen", 4),
(14, "Bartolo", 47),
(15, "Zack", 23),
(16, "Michael", 22),
(17, "Mila", 28),
(18, "Lisa", 46),
(19, "Rachael", 4),
(20, "Tila", 30);

INSERT INTO projects (id, title, category, funding_goal, start_date, end_date) VALUES 
(1, "Eat Cake", "fun", 190, "1/10.2016", "1/11/2016"),
(2, "Beer Fund", "fun", 300, "1/10.2016", "1/11/2016"),
(3, "College Tuition", "education", 19000, "1/10/2016", "1/11/2016"),
(4, "New Car", "transportation", 9000, "1/10/2016", "1/11/2016"),
(5, "Private School Tuition", "education", 27000, "1/10/2016", "1/11/2016"),
(6, "New Guitar", "work", 3600, "1/10.2016", "1/11/2016"),
(7, "Medical Bills", "health", 1190, "1/10.2016", "1/11/2016"),
(8, "Yoga School Start Up", "start up", 3000, "1/10/2016", "1/11/2016"),
(9, "Fight Club", "fitness", 900, "1/10/2016", "1/11/2016"),
(10, "New Golf Clubs", "fun", 1200, "1/10/2016", "1/11/2016");

INSERT INTO pledges (id, amount, user_id, project_id) VALUES
(1, 20, 1, 1),
(2, 35, 2, 1),
(3, 20, 3, 1),
(4, 30, 4, 1),
(5, 20, 5, 1),
(6, 11, 6, 1),
(7, 10, 7, 1),
(8, 10, 8, 1),
(9, 10, 9, 1),
(10, 10, 10, 1),
(11, 100, 1, 2),
(12, 150, 2, 2),
(13, 10, 3, 2),
(14, 15, 4, 2),
(15, 12, 5, 2),
(16, 1000, 6, 3),
(17, 5000, 7, 3),
(18, 2000, 8, 3),
(19,5000, 9, 4),
(20, 16000, 10, 5),
(21, 1000, 1, 6),
(22, 1000, 2, 7),
(23, 1000, 3, 8),
(24, 780, 4, 9),
(25, 10000, 5, 10),
(26, 11000, 6, 5),
(27, 2000, 7, 6),
(28, 1000, 8, 8),
(29, 100, 9, 7),
(30, 100, 10, 9);

