-- Insert Records into Database
-- Within the `insert.sql` file, insert 10 projects,
-- 20 users, and 30 pledges into the database.

--
-- DATA generated by https://www.mockaroo.com/
--
INSERT INTO users (age, name) values (1, 'Lyn');
INSERT INTO users (age, name) values (2, 'Sander');
INSERT INTO users (age, name) values (3, 'Adolf');
INSERT INTO users (age, name) values (4, 'Billie');
INSERT INTO users (age, name) values (5, 'Sibbie');
INSERT INTO users (age, name) values (6, 'Misty');
INSERT INTO users (age, name) values (7, 'Susie');
INSERT INTO users (age, name) values (8, 'Hillier');
INSERT INTO users (age, name) values (9, 'Dore');
INSERT INTO users (age, name) values (10, 'Markus');
INSERT INTO users (age, name) values (11, 'Maisey');
INSERT INTO users (age, name) values (12, 'Nomi');
INSERT INTO users (age, name) values (13, 'Stefan');
INSERT INTO users (age, name) values (14, 'Bethanne');
INSERT INTO users (age, name) values (15, 'Ethelbert');
INSERT INTO users (age, name) values (16, 'Sollie');
INSERT INTO users (age, name) values (17, 'Hewe');
INSERT INTO users (age, name) values (18, 'Mira');
INSERT INTO users (age, name) values (19, 'Delores');
INSERT INTO users (age, name) values (20, 'Flemming');


insert into projects (title, category, funding_goal, start_date, end_date) values (1, 'didactic', 107089, '2015-12-01', '2017-03-05');
insert into projects (title, category, funding_goal, start_date, end_date) values (2, 'utilisation', 690633, '2015-12-01', '2018-08-13');
insert into projects (title, category, funding_goal, start_date, end_date) values (3, 'Extended', 890599, '2015-12-01', '2017-12-11');
insert into projects (title, category, funding_goal, start_date, end_date) values (4, 'encryption', 480498, '2015-12-01', '2018-06-20');
insert into projects (title, category, funding_goal, start_date, end_date) values (5, 'Polarised', 21617, '2015-12-01', '2017-05-15');
insert into projects (title, category, funding_goal, start_date, end_date) values (6, 'tangible', 262677, '2015-12-01', '2018-07-22');
insert into projects (title, category, funding_goal, start_date, end_date) values (7, 'open system', 555609, '2015-12-01', '2017-03-17');
insert into projects (title, category, funding_goal, start_date, end_date) values (8, 'encryption', 963993, '2015-12-01', '2017-05-01');
insert into projects (title, category, funding_goal, start_date, end_date) values (9, 'Switchable', 656208, '2015-12-01', '2018-09-01');
insert into projects (title, category, funding_goal, start_date, end_date) values (10, 'Enhanced', 21331, '2015-12-01', '2017-04-08');

insert into pledges (amount, user_id, project_id) values (17, 1, 9);
insert into pledges (amount, user_id, project_id) values (87, 15, 10);
insert into pledges (amount, user_id, project_id) values (44, 18, 2);
insert into pledges (amount, user_id, project_id) values (92, 17, 9);
insert into pledges (amount, user_id, project_id) values (30, 1, 8);
insert into pledges (amount, user_id, project_id) values (51, 7, 3);
insert into pledges (amount, user_id, project_id) values (87, 4, 5);
insert into pledges (amount, user_id, project_id) values (53, 17, 9);
insert into pledges (amount, user_id, project_id) values (85, 18, 5);
insert into pledges (amount, user_id, project_id) values (41, 6, 1);
insert into pledges (amount, user_id, project_id) values (1, 18, 5);
insert into pledges (amount, user_id, project_id) values (45, 6, 10);
insert into pledges (amount, user_id, project_id) values (90, 19, 7);
insert into pledges (amount, user_id, project_id) values (54, 5, 9);
insert into pledges (amount, user_id, project_id) values (29, 11, 2);
insert into pledges (amount, user_id, project_id) values (99, 5, 5);
insert into pledges (amount, user_id, project_id) values (72, 11, 6);
insert into pledges (amount, user_id, project_id) values (95, 20, 8);
insert into pledges (amount, user_id, project_id) values (33, 1, 3);
insert into pledges (amount, user_id, project_id) values (21, 17, 9);
insert into pledges (amount, user_id, project_id) values (14, 7, 5);
insert into pledges (amount, user_id, project_id) values (16, 17, 5);
insert into pledges (amount, user_id, project_id) values (91, 14, 2);
insert into pledges (amount, user_id, project_id) values (81, 2, 9);
insert into pledges (amount, user_id, project_id) values (96, 5, 7);
insert into pledges (amount, user_id, project_id) values (62, 18, 4);
insert into pledges (amount, user_id, project_id) values (20, 12, 1);
insert into pledges (amount, user_id, project_id) values (34, 2, 10);
insert into pledges (amount, user_id, project_id) values (22, 3, 5);
insert into pledges (amount, user_id, project_id) values (99, 6, 6);
