INSERT INTO projects
  (id, title, category, funding_goal, start_date, end_date)
VALUES
  (1, "Project", "Balls", 10000, "2019-04-01",  "2019-05-01"),
  (2, "Project", "Balls", 10000, "2019-04-01",  "2019-05-01"),
  (3, "Project", "Balls", 10000, "2019-04-01",  "2019-05-01"),
  (4, "Project", "Balls", 10000, "2019-04-01",  "2019-05-01"),
  (5, "Project", "Balls", 10000, "2019-04-01",  "2019-05-01"),
  (6, "Project", "Balls", 10000, "2019-04-01",  "2019-05-01"),
  (7, "Project", "Balls", 10000, "2019-04-01",  "2019-05-01"),
  (8, "Project", "Balls", 10000, "2019-04-01",  "2019-05-01"),
  (9, "Project", "Balls", 10000, "2019-04-01",  "2019-05-01"),
  (10, "Project", "Balls", 10000, "2019-04-01",  "2019-05-01");
  
INSERT INTO users
  (id, name, age)
VALUES
  (1, "Fart", 69),
  (2, "Fart", 69),
  (3, "Fart", 69),
  (4, "Fart", 69),
  (5, "Fart", 69),
  (6, "Fart", 69),
  (7, "Fart", 69),
  (8, "Fart", 69),
  (9, "Fart", 69),
  (10, "Fart", 69),
  (11, "Fart", 69),
  (12, "Fart", 69),
  (13, "Fart", 69),
  (14, "Fart", 69),
  (15, "Fart", 69),
  (16, "Fart", 69),
  (17, "Fart", 69),
  (18, "Fart", 69),
  (19, "Fart", 69),
  (20, "Fart", 69);
  
  INSERT INTO pledges
  (id, amount, user_id, project_id)
VALUES
  (1, 69, 1, 1),
  (2, 69, 1, 1),
  (3, 69, 1, 2),
  (4, 69, 2, 2),
  (5, 69, 2, 3),
  (6, 69, 2, 3),
  (7, 69, 3, 4),
  (8, 69, 3, 4),
  (9, 69, 3, 5),
  (10, 69, 4, 5),
  (11, 69, 4, 6),
  (12, 69, 4, 6),
  (13, 69, 5, 7),
  (14, 69, 5, 7),
  (15, 69, 5, 8),
  (16, 69, 6, 8),
  (17, 69, 6, 9),
  (18, 69, 6, 9),
  (19, 69, 7, 10),
  (20, 69, 7, 10),
  (21, 69, 7, 1),
  (22, 69, 7, 1),
  (23, 69, 7, 2),
  (24, 69, 7, 2),
  (25, 69, 7, 3),
  (26, 69, 7, 4),
  (27, 69, 7, 5),
  (28, 69, 7, 6),
  (29, 69, 7, 7),
  (30, 69, 7, 8);