INSERT INTO projects (id, title, category, funding_goal, start_date, end_date) VALUES
(1, 'Drunko', 'party', 10.00, '2015-01-15', '2015-02-15'),
(2, 'Giraffe', 'toy', 15.00, '2015-01-01', '2016-02-01'),
(3, 'Save the whale', 'charity', 5000.00, '2014-01-15', '2014-3-15'),
(4, 'Monkey', 'toy', 20.00, '2015-07-18', '2015-08-15'),
(5, 'Lion', 'toy', 30.00, '2014-09-25', '2014-10-25'),
(6, 'Beer Pong', 'party', 60.00, '2015-12-15', '2015-12-30'),
(7, 'Lexus IS350', 'charity', 70000.00, '2014-10-01', '2015-01-15'),
(8, 'Save the Whales', 'charity', 5000.00, '2014-06-30', '2015-06-31'),
(9, 'Travel the World', 'charity', 10000.00, '2015-06-30', '2015-09-30'),
(10, 'Disco Glasses', 'party', 5000.00, '2014-03-15', '2014-06-15');

INSERT INTO users (id, name, age) VALUES (1, 'Ben', 20), (2, 'Sarah', 30), (3, 'Nicole', 19), (4, 'Mike', 36),
(5, 'Stephen', 64), (6, 'Joanne', 23), (7, 'Murray', 60), (8, 'Anna', 15), (9, 'Jori', 80), (10, 'Lisa', 89),
(11, 'Titi', 30), (12, 'Abbey', 29), (13, 'Nicolya', 30), (14, 'Justine', 32), (15, 'Kate', 38), (16, 'Joshua', 20),
(17, 'Alanah', 54), (18, 'Jenna', 29), (19, 'Kayla', 23), (20, 'Cortni', 24);


INSERT INTO pledges (id, amount, user_id, project_id) VALUES
(1, 15.00, 1, 2),
(2, 20.00, 1, 3),
(3, 25.00, 1, 4),
(4, 30.00, 2, 3),
(5, 50.00, 3, 2),
(6, 39.00, 4, 4),
(7, 23.00, 5, 10),
(8, 19.00, 6, 10),
(9, 60.00, 7, 9),
(10, 800.00, 8, 8),
(11, 900.00, 8, 7),
(12, 10000.00, 9, 6),
(13, 32.00, 9, 3),
(14, 64.00, 10, 4),
(15, 34.00, 12, 1),
(16, 93.00, 11, 1),
(17, 92.00, 13, 6),
(18, 16.00, 14, 5),
(19, 12.00, 15, 5),
(20, 23.00, 16, 6),
(21, 35.50, 17, 7),
(22, 69.00, 18, 8),
(23, 70.00, 19, 9),
(24, 71.00, 20, 10),
(25, 72.00, 20, 4),
(26, 73.00, 19, 1),
(27, 20.00, 18, 6),
(28, 90.00, 17, 9),
(29, 609.00, 16, 6),
(30, 29.00, 15, 5);