INSERT INTO users (id, name, age) VALUES (1, 'A', 40),
(2, 'B', 40),
(3, 'C', 50),
(4, 'D', 60),
(5, 'E', 60),
(6, 'F', 50),
(7, 'F', 90),
(8, 'D', 20),
(9, 'C', 100),
(10, 'D', 30),
(11, 'J', 90),
(12, 'K', 20),
(13, 'W', 40),
(14, 'S', 30),
(15, 'A', 30),
(16, 'S', 50),
(17, 'W', 60),
(18, 'P', 50),
(19, 'E', 24),
(20, 'K', 20);


INSERT INTO projects (id, title, category, funding_goal, start_date, end_date) VALUES
(1, 'Help cats', 'cats', 5000.00, '2013-06-30', '2013-07-30'),
(2, 'My book ', 'books', 200.00, '2013-01-01', '2014-01-01'),
(3, 'Cat furr recovery', 'cats', 1000.00, '2013-05-30', '2015-05-30'),
(4, 'Animal shelter needs dog food', 'charity', 400.00, '2013-03-14', '2013-06-30'),
(5, 'plant trees', 'charity', 600.00, '2013-03-20', '2013-09-20'),
(6, 'kitty food', 'cats', 200.00, '2014-12-30', '2015-12-30'),
(7, 'Sugar for ants', 'charity', 600.00, '2013-10-02', '2013-10-30'),
(8, 'Band Kim Kardashian', 'charity', 8100.00, '2014-06-30', '2014-06-31'),
(9, 'Traven to mars', 'charity', 30.00, '2013-06-30', '2013-09-30'),
(10, 'Clothes for squirrels', 'charity', 500.00, '2012-03-20', '2013-06-30');


INSERT INTO pledges (id, amount, user_id, project_id) VALUES
(1, 100.00, 1, 2),
(2, 200.00, 1, 3),
(3, 40.00, 1, 4),
(4, 50.00, 2, 3),
(5, 10.00, 3, 2),
(6, 720.00, 4, 4),
(7, 40.00, 5, 10),
(8, 600.00, 6, 10),
(9, 50.00, 7, 9),
(10, 700.00, 8, 8),
(11, 1000.00, 8, 7),
(12, 940.00, 9, 6),
(13, 950.00, 9, 3),
(14, 950.00, 10, 4),
(15, 924.00, 12, 1),
(16, 934.00, 11, 1),
(17, 912.00, 13, 6),
(18, 919.00, 14, 5),
(19, 920.00, 15, 5),
(20, 40.00, 16, 6),
(21, 35.50, 17, 7),
(22, 40.00, 18, 8),
(23, 60.00, 19, 9),
(24, 70.00, 20, 10),
(25, 100.00, 20, 4),
(26, 40.00, 19, 1),
(27, 20.00, 18, 6),
(28, 990.00, 17, 9),
(29, 9230.00, 16, 6),
(30, 9450.00, 15, 5);
