INSERT INTO projects (id, title, category, funding_goal, start_date, end_date) VALUES (1, "Hyperloop", "travel", 2500000, "2016-10-10", "2017-02-10");
INSERT INTO projects (id, title, category, funding_goal, start_date, end_date) VALUES (2, "Mars Colony", "space", 4900000, "2013-10-10", "2017-03-10");
INSERT INTO projects (id, title, category, funding_goal, start_date, end_date) VALUES (3, "Earth Core Colony", "crazy", 3500000, "2014-10-10", "2017-02-10");
INSERT INTO projects (id, title, category, funding_goal, start_date, end_date) VALUES (4, "Flying Cars", "travel", 4300000, "2015-10-10", "2017-06-10");
INSERT INTO projects (id, title, category, funding_goal, start_date, end_date) VALUES (5, "Presidential Campaign", "government", 9500000, "2015-10-10", "2016-11-10");
INSERT INTO projects (id, title, category, funding_goal, start_date, end_date) VALUES (6, "Concorde Resurrection", "travel", 1500000, "2016-10-10", "2020-02-10");
INSERT INTO projects (id, title, category, funding_goal, start_date, end_date) VALUES (7, "Personal Submarines", "travel", 7500000, "2016-10-10", "2019-02-10");
INSERT INTO projects (id, title, category, funding_goal, start_date, end_date) VALUES (8, "Solar Cars", "travel", 2500000, "2012-10-10", "2015-09-10");
INSERT INTO projects (id, title, category, funding_goal, start_date, end_date) VALUES (9, "Water Fueled Cars", "travel", 4500000, "2011-10-10", "2017-09-10");
INSERT INTO projects (id, title, category, funding_goal, start_date, end_date) VALUES (10, "Personal Cooking Robot", "kitchen", 4100000, "2013-10-10", "2017-02-10");

INSERT INTO users (id, name, age) VALUES (1, "Alex", 28);
INSERT INTO users (id, name, age) VALUES (2, "Steph", 27);
INSERT INTO users (id, name, age) VALUES (3, "Klay", 25);
INSERT INTO users (id, name, age) VALUES (4, "Harrison", 22);
INSERT INTO users (id, name, age) VALUES (5, "Draymond", 25);
INSERT INTO users (id, name, age) VALUES (6, "Andrew", 30);
INSERT INTO users (id, name, age) VALUES (7, "Janice", 25);
INSERT INTO users (id, name, age) VALUES (8, "Jade", 25);
INSERT INTO users (id, name, age) VALUES (9, "Tiffany", 25);
INSERT INTO users (id, name, age) VALUES (10, "Katherine", 23);
INSERT INTO users (id, name, age) VALUES (11, "Mariele", 23);
INSERT INTO users (id, name, age) VALUES (12, "Beyonce", 33);
INSERT INTO users (id, name, age) VALUES (13, "Drake", 29);
INSERT INTO users (id, name, age) VALUES (14, "Kanye", 37);
INSERT INTO users (id, name, age) VALUES (15, "Justin Timberlake", 35);
INSERT INTO users (id, name, age) VALUES (16, "Nathan", 28);
INSERT INTO users (id, name, age) VALUES (17, "Bill Burr", 46);
INSERT INTO users (id, name, age) VALUES (18, "Louis CK", 49);
INSERT INTO users (id, name, age) VALUES (19, "Chris Rock", 50);
INSERT INTO users (id, name, age) VALUES (20, "Joe Rogan", 47);

INSERT INTO pledges (id, user_id, project_id, amount) VALUES (1, 1, 1, 12000);
INSERT INTO pledges (id, user_id, project_id, amount) VALUES (2, 2, 2, 31000);
INSERT INTO pledges (id, user_id, project_id, amount) VALUES (3, 3, 3, 41000);
INSERT INTO pledges (id, user_id, project_id, amount) VALUES (4, 4, 4, 10060);
INSERT INTO pledges (id, user_id, project_id, amount) VALUES (5, 5, 5, 13000);
INSERT INTO pledges (id, user_id, project_id, amount) VALUES (6, 6, 6, 10400);
INSERT INTO pledges (id, user_id, project_id, amount) VALUES (7, 7, 7, 51000);
INSERT INTO pledges (id, user_id, project_id, amount) VALUES (8, 8, 8, 10700);
INSERT INTO pledges (id, user_id, project_id, amount) VALUES (9, 9, 9, 10600);
INSERT INTO pledges (id, user_id, project_id, amount) VALUES (10, 10, 10, 144000);
INSERT INTO pledges (id, user_id, project_id, amount) VALUES (11, 11, 8, 11000);
INSERT INTO pledges (id, user_id, project_id, amount) VALUES (12, 12, 7, 14000);
INSERT INTO pledges (id, user_id, project_id, amount) VALUES (13, 13, 6, 19000);
INSERT INTO pledges (id, user_id, project_id, amount) VALUES (14, 1, 5, 129000);
INSERT INTO pledges (id, user_id, project_id, amount) VALUES (15, 1, 4, 1000);
INSERT INTO pledges (id, user_id, project_id, amount) VALUES (16, 2, 3, 15000);
INSERT INTO pledges (id, user_id, project_id, amount) VALUES (17, 9, 2, 10700);
INSERT INTO pledges (id, user_id, project_id, amount) VALUES (18, 3, 9, 10700);
INSERT INTO pledges (id, user_id, project_id, amount) VALUES (19, 14, 1, 16000);
INSERT INTO pledges (id, user_id, project_id, amount) VALUES (20, 15, 9, 10500);
INSERT INTO pledges (id, user_id, project_id, amount) VALUES (21, 16, 5, 10300);
INSERT INTO pledges (id, user_id, project_id, amount) VALUES (22, 17, 3, 10400);
INSERT INTO pledges (id, user_id, project_id, amount) VALUES (23, 18, 4, 10300);
INSERT INTO pledges (id, user_id, project_id, amount) VALUES (24, 19, 6, 10300);
INSERT INTO pledges (id, user_id, project_id, amount) VALUES (25, 20, 6, 9900);
INSERT INTO pledges (id, user_id, project_id, amount) VALUES (26, 3, 6, 9000);
INSERT INTO pledges (id, user_id, project_id, amount) VALUES (27, 3, 6, 44000);
INSERT INTO pledges (id, user_id, project_id, amount) VALUES (28, 7, 9, 1000);
INSERT INTO pledges (id, user_id, project_id, amount) VALUES (29, 10, 10, 2000);
INSERT INTO pledges (id, user_id, project_id, amount) VALUES (30, 13, 3, 4000);


