INSERT INTO projects (id, title, category, funding_goal, start_date, end_date) VALUES
(1, "Reproduction of Mona Lisa", "art", 100000000, "2016-11-10", "2017-4-7"),
(2, "Cat Maze", "oddities", 450, "2016-11-10", "end_date"),
(3, "Dog Pond", "safe spaces", 7777770, "2016-11-10", "2020-11-09"),
(4, "New Floating City", "safe spaces", 10000000000, "2016-11-10", "2020-11-08"),
(5, "Truth", "philosophy", 0, "2016-11-10", "eterinty"),
(6, "Falsity", "philosophy", 0, "2016-11-10", "the past"),
(7, "Software Version of Board Game", "code", 10000, "2016-11-10", "2017-01-31"),
(8, "Habitat for Humanity", "charity", 50000, "2016-11-10", "2016-31-31"),
(9, "Run for Cancer", "charity", 100, "2016-11-10", "2017-12-31"),
(10, "Painting", "art", 300, "2016-11-10", "today")
;

INSERT INTO users (id, name, age) VALUES
(1, "Andy", 33),
(2, "Barb", 8),
(3, "Carol", 99),
(4, "Dionicia", 35),
(5, "Ed", 22),
(6, "Faroh", 50),
(7, "Gina", 45),
(8, "Harold", 27),
(9, "Idgin", 66),
(10, "Jerome", 29),
(11, "Kalo", 48),
(12, "Larry", 29),
(13, "Manny", 38),
(14, "Nancy", 22),
(15, "Oscar", 31),
(16, "Patricia", 10),
(17, "Quentin", 20),
(18, "Roger Stone", 20),
(19, "Sandra", 18),
(20, "Tobias", 27)
;

INSERT INTO pledges (id, amount, user_id, project_id) VALUES
(1, 10, 1, 3),
(2, 100, 4, 5),
(3, 510, 7, 7),
(4, 140, 15, 9),
(5, 104, 20, 5),
(6, 107, 15, 5),
(7, 108, 15, 5),
(8, 109, 20, 5),
(9, 10, 20, 3),
(10, 20, 15, 2),
(11, 10, 4, 1),
(12, 77, 8, 1),
(13, 5, 15, 1),
(14, 0, 9, 6),
(15, 1000, 2, 9),
(16, 10, 7, 10),
(17, 10, 6, 10),
(18, 10, 5, 3),
(19, 88, 4, 2),
(20, 10, 15, 1),
(21, 10, 2, 2),
(22, 10, 1, 3),
(23, 45, 1, 4),
(24, 10, 1, 5),
(25, 10, 20, 6),
(26, 10, 18, 5),
(27, 87, 18, 9),
(28, 10, 3, 2),
(29, 27, 1, 7),
(30, 10, 16, 4)
;
