INSERT INTO projects (id, title, category, funding_goal, start_date, end_date) VALUES
  (1, "FaceBook", "Social Media", "20000", "2013-06-04", "2014-05-03"),
  (2, "MySpace", "Social Media", "100000", "2015-03-04", "2014-05-03"),
  (3, "Twitter", "Social Media", "35000", "2013-06-04", "2014-05-03"),
  (4, "Instagram", "Social Media", "49000", "2013-06-04", "2014-05-03"),
  (5, "Snapchat", "Social Media", "50000", "2013-06-04", "2014-05-03"),
  (6, "Burger King", "Fast Food", "3000000", "2013-06-04", "2014-05-03"),
  (7, "Hook burger", "Fast Food", "17000", "2013-06-04", "2014-05-03"),
  (8, "Wood Ranch", "BBQ", "307283", "2013-06-04", "2014-05-03"),
  (9, "Frys Electronics", "Electronics", "1000000000", "2013-06-04", "2014-05-03"),
  (10, "Amazon", "Internet Sales", "5000000000", "2013-06-04", "2014-05-03");

INSERT INTO users (id, name, age) VALUES
  (1, "Joe", 15), (2, "jim", 13), (3, "ash", 75), (4, "jon", 24), (5, "isaiah", 94),
  (6, "hannah", 24), (7, "ty", 54), (8, "dave", 38), (9, "mel", 36), (10, "rick", 19),
  (11, "rey", 67), (12, "mick", 26), (13, "luke", 48), (14, "lannie", 17), (15, "candice", 05),
  (16, "jack", 23), (17, "dan", 95), (18, "josh", 55), (19, "alex", 84), (20, "lindsay", 32);


INSERT INTO pledges (id, amount, user_id, project_id) VALUES
  (1, 15000, 1, 1), (2, 15000, 3, 4), (3, 15000, 3, 7),
  (4, 15000, 4, 5), (5, 15000, 17, 8), (6, 15000, 4, 3),
  (7, 15000, 2, 3), (8, 15000, 12, 4), (9, 15000, 7, 8),
  (10, 15000, 7, 9), (11, 15000, 19, 2), (12, 15000, 12, 2),
  (13, 15000, 5, 3), (14, 15000, 4, 8), (15, 15000, 5, 9),
  (16, 15000, 12, 4), (17, 15000, 7, 9), (18, 15000, 17, 10),
  (19, 15000, 20, 7), (20, 15000, 20, 2), (21, 15000, 16, 3),
  (22, 15000, 3, 10), (23, 15000, 9, 3), (24, 15000, 13, 3),
  (25, 15000, 13, 4), (26, 15000, 17, 1), (27, 15000, 19, 9),
  (28, 15000, 17, 9), (29, 15000, 6, 10), (30, 15000, 20, 4);
