INSERT INTO users (id, name, age) VALUES 
(1, 'Ralph', 17), (2, 'Nate', 6), (3, 'Jacob', 4), (4, 'Alex', 33),
(5, 'Amanda', 24), (6, 'Sophie', 24), (7, 'Rosey', 9), (8, 'Victoria', 23), (9, 'Franz', 100), (10, 'Hermione', 30),
(11, 'Katz', 90), (12, 'Marisa', 24), (13, 'Suzy', 4), (14, 'Sirus', 36), (15, 'Alba', 113), (16, 'Sammantha', 5),
(17, 'William', 6), (18, 'Patrick', 5), (19, 'Eva', 24), (20, 'Katie', 24);


INSERT INTO projects (id, title, category, funding_goal, start_date, end_date) VALUES
(1, 'Help me buy drums', 'music', 500.00, '2018-06-30', '2018-07-30'),
(2, 'Many Lives, many masters', 'books', 20.00, '2017-01-01', '2018-01-01'),
(3, 'The next Harry Potter', 'books', 1000.00, '2018-05-30', '2019-05-30'),
(4, 'ASPCA', 'charity', 400.00, '2016-03-14', '2016-06-30'),
(5, 'Hurricane Relief fund', 'charity', 6000.00, '2015-03-20', '2015-09-20'),
(6, 'ELO concert', 'music', 200.00, '2017-12-30', '2018-12-30'),
(7, 'Childrens new cancer wing ', 'charity', 2000.00, '2016-10-02', '2016-10-30'),
(8, 'Red Cross', 'charity', 800.00, '2013-06-30', '2013-06-31'),
(9, 'Save the tigers', 'charity', 3000.00, '2018-06-30', '2018-09-30'),
(10, 'Save the hippos', 'charity', 5000.00, '2017-03-20', '2017-06-30');

INSERT INTO pledges (id, amount, user_id, project_id) VALUES
(1, 10.00, 1, 2),
(2, 20.00, 1, 3),
(3, 40.00, 1, 4),
(4, 50.00, 2, 3),
(5, 10.00, 3, 2),
(6, 20.00, 4, 4),
(7, 40.00, 5, 10),
(8, 60.00, 6, 10),
(9, 50.00, 7, 9),
(10, 700.00, 8, 8),
(11, 1000.00, 8, 7),
(12, 40.00, 9, 6),
(13, 50.00, 9, 3),
(14, 50.00, 10, 4),
(15, 24.00, 12, 1),
(16, 34.00, 11, 1),
(17, 12.00, 13, 6),
(18, 19.00, 14, 5),
(19, 20.00, 15, 5),
(20, 40.00, 16, 6),
(21, 35.50, 17, 7),
(22, 40.00, 18, 8),
(23, 60.00, 19, 9),
(24, 70.00, 20, 10),
(25, 100.00, 20, 4),
(26, 40.00, 19, 1),
(27, 20.00, 18, 6),
(28, 90.00, 17, 9),
(29, 230.00, 16, 6),
(30, 450.00, 15, 5);
