INSERT INTO projects (id, title, category, funding_goal, start_date, end_date) VALUES
(1, 'Star Wars Episode 8', 'Film', 250000000, '2016-2-14', '2017-12-25'),
(2, 'Star Wars Episode 9', 'Film', 300000000, '2018-2-14', '2019-12-25'),
(3, 'Star Wars Episode 10', 'Film', 257000000, '2020-2-14', '2021-12-25'),
(4, 'Star Wars Episode 11', 'Film', 270000000, '2022-2-14', '2023-12-25'),
(5, 'Star Wars Episode 12', 'Film', 280000000, '2024-2-14', '2025-12-25'),
(6, 'Star Wars Episode 13', 'Film', 325000000, '2026-2-14', '2027-12-25'),
(7, 'Star Wars Episode 14', 'Film', 350000000, '2028-2-14', '2029-12-25'),
(8, 'Star Wars Episode 8 - Video Game', 'Video Game Development', 18000000, '2017-1-05', '2017-11-15'),
(9, 'Star Wars Episode 9 - Amusement Park', 'Construction', 500000000, '2019-04-01', '2020-04-13'),
(10, 'Death Star', 'Construction', 15602022489829821422840226.94, '2016-2-14', '2065-07-04'); /* #https://www.daveramsey.com/blog/how-much-does-it-cost-to-build-a-death-star */

INSERT INTO users (id, name, age) VALUES
(1, 'George Lucas', 54),
(2, 'Kathleen Kennedy', 52),
(3, 'J.J. Abrams', 43),
(4, 'Bryan Burk', 46),
(5, 'John Shwartz', 43),
(6, 'Lawrence Kasdan', 56),
(7, 'Simon Kinberg', 76),
(8, 'Chewie', 200),
(9, 'Han Solo', 54),
(10, 'Mara Jade', 35),
(11, 'Darth Plagueis', 123 ),
(12, 'Darth Vader', 66),
(13, 'Darth Maul', 27),
(14, 'Fives', 25),
(15, 'Darth Tenebrous', 89),
(16, 'Snoke', 185),
(17, 'Yoda', 700),
(18, 'Mace Windu', 50),
(19, 'JABBA THE HUTT', 581),
(20, 'Jar Jar Binks', 20);

INSERT INTO pledges (id, amount, user_id, project_id) VALUES
(1, 150000000, 1, 1),
(2, 50000000, 2, 1),
(3, 50000000, 12, 1),
(4, 100000000, 16, 2),
(5, 100000000, 19, 2),
(6, 100000000, 11, 2),
(7, 64250000, 20, 3),
(8, 64250000, 8, 3),
(9, 64250000, 5, 3),
(10, 64250000, 4, 3),
(11, 90000000, 9, 4),
(12, 90000000, 3, 4),
(13, 90000000, 13, 4),
(14, 56000000, 20, 5),
(15, 56000000, 17, 5),
(16, 56000000, 18, 5),
(17, 56000000, 14, 6),
(18, 56000000, 5, 6),
(19, 56000000, 6, 6),
(20, 56000000, 7, 6),
(21, 56000000, 10, 6),
(22, 175000000, 13, 7),
(23, 175000000, 15, 7),
(24, 9000000, 16, 8),
(25, 9000000, 3, 8),
(26, 250000000, 20, 9),
(27, 250000000, 11, 9),
(28, 5200674163276607140946742.3133333333333333333333333333, 11, 10),
(29, 5200674163276607140946742.3133333333333333333333333333, 12, 10),
(30, 5200674163276607140946742.3133333333333333333333333333, 13, 10);
