INSERT INTO users (id, name, age) VALUES (1, 'Poe Dameron', 32), (2, 'Leia Organa', 60), (3, 'Luke Skywalker', 60), (4, 'Han Solo', 60),
(5, 'Kyle Katarn', 60), (6, 'Kylo Ren', 19), (7, 'Rey', 19), (8, 'Finn', 19), (9, 'Ginger', 14), (10, 'Poe', 7),
(11, 'Vader', 90), (12, 'Dash Rendar', 60), (13, 'Superman', 24), (14, 'Batman', 32), (15, 'Robin', 9), (16, 'The Flash', 24),
(17, 'Steel', 300), (18, 'Max', 17), (19, 'Bernie', 72), (20, 'Fuck Trump', 666);

INSERT INTO projects (id, title, category, funding_goal, start_date, end_date) VALUES
(1, 'Dump Trump', 'politics', 100000000000000000000000.00, '2017-01-20', '2020-01-20'),
(2, 'Get Me A Job', 'work', 1000.00, '2016-01-014', '2017-01-01'),
(3, 'Birthday For Daniel', 'parties', 23487612890.00, '2016-12-14', '2017-01-14'),
(4, 'Petco Foundation', 'charity', 4137026.00, '2013-03-14', '2017-06-30'),
(5, 'Crossfit Gym', 'fitness', 60000.00, '2016-01-12', '2017-09-31'),
(6, 'Election 2020', 'politics', 30000000.00, '2019-01-30', '2020-01-20'),
(7, 'Emergency Funds', 'finance', 3000.00, '2013-10-02', '2017-10-30'),
(8, 'Fix my roof', 'DIY', 800.00, '2017-03-17', '2018-03-27'),
(9, 'Move To San Diego', 'travel', 3000.00, '3003-08-27', '4003-01-15'),
(10, 'Conservation', 'charity', 273846987326498.00, '1900-01-01', '2099-12-31');

INSERT INTO pledges (id, amount, user_id, project_id) VALUES
(1, 123.00, 1, 2),
(2, 23.00, 1, 3),
(3, 74.00, 1, 4),
(4, 987.00, 2, 3),
(5, 53.00, 3, 2),
(6, 1.00, 4, 4),
(7, 234.00, 5, 10),
(8, 3.00, 6, 10),
(9, 50.00, 7, 9),
(10, 324.00, 8, 8),
(11, 2304.00, 8, 7),
(12, 90.00, 9, 6),
(13, 796.00, 9, 3),
(14, 89.00, 10, 4),
(15, 289347.00, 12, 1),
(16, 134.00, 11, 1),
(17, 234.00, 13, 6),
(18, 897.00, 14, 5),
(19, 879.00, 15, 5),
(20, 807.00, 16, 6),
(21, 987.50, 17, 7),
(22, 2134.00, 18, 8),
(23, 32.00, 19, 9),
(24, 34.00, 20, 10),
(25, 8790.00, 20, 4),
(26, 9896.00, 19, 1),
(27, 3245.00, 18, 6),
(28, 3289.00, 17, 9),
(29, 92476.00, 16, 6),
(30, 82437.00, 15, 5);
