INSERT INTO users (id, name, age) VALUES 
(1, 'Bear', 55),
(2, 'Lion', 11),
(3, 'Gorilla', 22),
(4, 'Serpant', 33),
(5, 'Sheep', 44),
(6, 'Zebra', 55),
(7, 'Giraffe', 66),
(8, 'Hyena', 77),
(9, 'Coyote', 12),
(10, 'Steve', 23),
(11, 'Ann', 34),
(12, 'Yolanda', 45),
(13, 'William', 56),
(14, 'Josh', 43),
(15, 'Andy', 32),
(16, 'Lance', 21),
(17, 'Daniel', 22),
(18, 'Chris', 13),
(19, 'Wesley', 15),
(20, 'Mike', 51);

INSERT INTO projects (id, title, funding_goal, start_date, end_date) VALUES
(1, 'cubs', 2000, 'yesterday', 'tomorrow'),
(2, 'cubs', 2005, 'yesterday', 'tomorrow'),
(3, 'cubs', 2010, 'yesterday', 'tomorrow'),
(4, 'cubs', 2015, 'yesterday', 'tomorrow'),
(5, 'cubs', 2020, 'yesterday', 'tomorrow'),
(6, 'cubs', 2025, 'yesterday', 'tomorrow'),
(7, 'cubs', 2030, 'yesterday', 'tomorrow'),
(8, 'cubs', 2035, 'yesterday', 'tomorrow'),
(9, 'cubs', 2040, 'yesterday', 'tomorrow'),
(10, 'cubs', 2045, 'yesterday', 'tomorrow');

INSERT INTO pledges (id, amount, user_id, project_id) VALUES
(1, 100, 1, 1),
(2, 105, 2, 2),
(3, 110, 3, 3),
(4, 115, 4, 4),
(5, 120, 5, 5),
(6, 125, 6, 6),
(7, 130, 7, 7),
(8, 135, 8, 8),
(9, 140, 9, 9),
(10, 145, 10, 10),
(11, 150, 11, 1),
(12, 155, 12, 2),
(13, 160, 13, 3),
(14, 165, 14, 4),
(15, 170, 15, 5),
(16, 175, 16, 6),
(17, 180, 17, 7),
(18, 185, 18, 8),
(19, 190, 19, 9),
(20, 195, 20, 10),
(21, 200, 19, 1),
(22, 205, 17, 2),
(23, 210, 17, 3),
(24, 215, 2, 4),
(25, 220, 12, 5),
(26, 225, 6, 6),
(27, 230, 7, 7),
(28, 235, 8, 8),
(29, 240, 9, 9),
(30, 245, 0, 4);
