INSERT INTO projects VALUES (1, "projectA", "categoryA", 23234, "date1", "date2");
INSERT INTO projects VALUES (2, "projectA", "categoryA", 23234, "date1", "date2");
INSERT INTO projects VALUES (3, "projectA", "categoryA", 23234, "date1", "date2");
INSERT INTO projects VALUES (4, "projectA", "categoryA", 23234, "date1", "date2");
INSERT INTO projects VALUES (5, "projectA", "categoryA", 23234, "date1", "date2");
INSERT INTO projects VALUES (6, "projectA", "categoryA", 23234, "date1", "date2");
INSERT INTO projects VALUES (7, "projectA", "categoryA", 23234, "date1", "date2");
INSERT INTO projects VALUES (8, "projectA", "categoryA", 23234, "date1", "date2");
INSERT INTO projects VALUES (9, "projectA", "categoryA", 23234, "date1", "date2");
INSERT INTO projects VALUES (10, "projectA", "categoryA", 23234, "date1", "date2");

insert into users (id, name, age) values (1, 'Bobby', 95);
insert into users (id, name, age) values (2, 'Billy', 88);
insert into users (id, name, age) values (3, 'Maria', 94);
insert into users (id, name, age) values (4, 'Ruth', 75);
insert into users (id, name, age) values (5, 'Robert', 62);
insert into users (id, name, age) values (6, 'Helen', 93);
insert into users (id, name, age) values (7, 'Joyce', 28);
insert into users (id, name, age) values (8, 'Sarah', 28);
insert into users (id, name, age) values (9, 'Howard', 56);
insert into users (id, name, age) values (10, 'Aaron', 98);
insert into users (id, name, age) values (11, 'Virginia', 98);
insert into users (id, name, age) values (12, 'Harry', 71);
insert into users (id, name, age) values (13, 'Jose', 69);
insert into users (id, name, age) values (14, 'Anthony', 17);
insert into users (id, name, age) values (15, 'Michelle', 58);
insert into users (id, name, age) values (16, 'Roy', 28);
insert into users (id, name, age) values (17, 'Robin', 86);
insert into users (id, name, age) values (18, 'Christopher', 70);
insert into users (id, name, age) values (19, 'Jane', 1);
insert into users (id, name, age) values (20, 'Martin', 35);
  
  insert into pledges (id, amount, user_id, project_id) values (1, 82796, 9, 4);
  insert into pledges (id, amount, user_id, project_id) values (2, 59132, 14, 1);
  insert into pledges (id, amount, user_id, project_id) values (3, 59041, 9, 1);
  insert into pledges (id, amount, user_id, project_id) values (4, 29532, 2, 4);
  insert into pledges (id, amount, user_id, project_id) values (5, 60912, 10, 4);
  insert into pledges (id, amount, user_id, project_id) values (6, 61380, 15, 6);
  insert into pledges (id, amount, user_id, project_id) values (7, 47376, 14, 1);
  insert into pledges (id, amount, user_id, project_id) values (8, 57054, 6, 7);
  insert into pledges (id, amount, user_id, project_id) values (9, 26115, 7, 7);
  insert into pledges (id, amount, user_id, project_id) values (10, 14070, 17, 10);
  insert into pledges (id, amount, user_id, project_id) values (11, 88182, 9, 7);
  insert into pledges (id, amount, user_id, project_id) values (12, 60676, 2, 5);
  insert into pledges (id, amount, user_id, project_id) values (13, 5158, 19, 8);
  insert into pledges (id, amount, user_id, project_id) values (14, 2662, 8, 6);
  insert into pledges (id, amount, user_id, project_id) values (15, 80646, 9, 5);
  insert into pledges (id, amount, user_id, project_id) values (16, 41538, 7, 9);
  insert into pledges (id, amount, user_id, project_id) values (17, 46609, 1, 1);
  insert into pledges (id, amount, user_id, project_id) values (18, 35423, 17, 10);
  insert into pledges (id, amount, user_id, project_id) values (19, 66250, 2, 10);
  insert into pledges (id, amount, user_id, project_id) values (20, 62677, 13, 2);
  insert into pledges (id, amount, user_id, project_id) values (21, 92639, 11, 9);
  insert into pledges (id, amount, user_id, project_id) values (22, 58729, 15, 5);
  insert into pledges (id, amount, user_id, project_id) values (23, 99161, 7, 2);
  insert into pledges (id, amount, user_id, project_id) values (24, 89462, 2, 4);
  insert into pledges (id, amount, user_id, project_id) values (25, 47776, 9, 1);
  insert into pledges (id, amount, user_id, project_id) values (26, 19987, 20, 1);
  insert into pledges (id, amount, user_id, project_id) values (27, 26957, 17, 8);
  insert into pledges (id, amount, user_id, project_id) values (28, 83123, 2, 3);
  insert into pledges (id, amount, user_id, project_id) values (29, 88002, 7, 1);
  insert into pledges (id, amount, user_id, project_id) values (30, 92965, 20, 5);