INSERT INTO projects (id, title, category, funding_goal, start_date, end_date) VALUES
(1, "GLITCHED", "Video Games", 7500, "July 16, 2016", "August 21, 2016"),
(2, "How Nature Is Made", "Design", 8379, "January 2, 2016", "September 16, 2016"),
(3, "CLYDE", "Food", 35000, "June 16, 2016", "September 10, 2016"),
(4, "Emery & Oak", "Fashion", 20000, "March 21, 2016", "September 17, 2016"),
(5, "The Gods War", "Video Games", 100000, "January 15, 2016", "September 15, 2016"),
(6, "InspirED", "Crafts", 6626, "December 9, 2015", "August 1, 2016"),
(7, "The Meek", "Comic", 20000, "July 16, 2016", "December 21, 2016"),
(8, "Vurrito", "Food", 28000, "Feburary 18, 2016", "October 21, 2016"),
(9, "Slow Dance", "Design", 70000, "Feburary 15, 2016", "September 14, 2016"),
(10, "Alien Invasion", "Video Games", 20000, "May 25, 2016", "August 31, 2016");

INSERT INTO users (id, name, age) VALUES
(1, "Alice", 26),
(2, "Rachel", 25),
(3, "Jasmine", 23),
(4, "Jobert", 27),
(5, "Juan", 27),
(6, "Manny", 26),
(7, "Brenda", 44),
(8, "Martin", 29),
(9, "Robert", 48),
(10, "Irving", 27),
(11, "Danny", 18),
(12, "Elise", 35),
(13, "Jay", 55),
(14, "Faker", 29),
(15, "Nathan", 32),
(16, "Booker", 40),
(17, "Justin", 22),
(18, "Linda", 45),
(19, "Brian", 25),
(20, "Mary", 24);

INSERT INTO pledges (id, amount, user_id, project_id) VALUES
(1, 100.00, 1, 1),
(2, 280.00, 1, 3),
(3, 400.00, 1, 6),
(4, 450.00, 2, 3),
(5, 100.00, 3, 2),
(6, 42.00, 4, 4),
(7, 40.00, 5, 10),
(8, 6.00, 6, 10),
(9, 50.00, 7, 9),
(10, 700.00, 8, 8),
(11, 1000.00, 8, 7),
(12, 4.00, 9, 6),
(13, 50.00, 9, 3),
(14, 25.00, 10, 4),
(15, 6.00, 12, 1),
(16, 460.00, 11, 1),
(17, 18.00, 13, 6),
(18, 125.00, 14, 5),
(19, 60.00, 7, 9),
(20, 40.00, 16, 6),
(21, 65.50, 8, 7),
(22, 90.00, 18, 8),
(23, 670.00, 19, 9),
(24, 70.00, 20, 10),
(25, 600.00, 2, 1),
(26, 420.00, 19, 1),
(27, 10.00, 18, 6),
(28, 50.00, 17, 9),
(29, 2.00, 16, 6),
(30, 15.00, 15, 5);
