INSERT INTO projects (id, title, category, funding_goal, start_date, end_date) VALUES
(1, 'Educate A child', 'Education', 1000, '3-2-2017', '4-25-2017'),
(2, 'Feed birds', 'Animals', 500, '2-22-2017', '4-15-2017'),
(3, 'Make a library', 'Education', 20000, '12-10-2016', '8-10-2017'),
(4, 'Clean Environment', 'Environment', 800, '3-22-2017', '8-25-2017'),
(5, 'Donate a book', 'Education', 100, '2-2-2017', '4-5-2017'),
(6, 'Aniamal shelter', 'Animals', 2000, '1-30-2017', '5-26-2017'),
(7, 'Open source project', 'Education', 300, '12-2-2016', '5-2-2017'),
(8, 'Clean Drinking Water', 'Environment', 10000, '8-6-2016', '4-25-2017'),
(9, 'Donate clothes', 'Walfare', 1200, '3-26-2017', '6-3-2017'),
(10, 'Free medicines', 'Walfare', 2300, '1-2-2017', '7-25-2017');

INSERT INTO users (id, name, age) VALUES
(1, 'Hima', 29),
(2, 'Trushal', 35),
(3, 'Bhavana', 52),
(4, 'Mukesh', 51),
(5, 'Vinit', 16),
(6, 'Chelsi', 20),
(7, 'Pranav', 26),
(8, 'Komal', 34),
(9, 'Baani', 18),
(10, 'Mina', 45),
(11, 'Maya', 59),
(12, 'Charulata', 66),
(13, 'Chiman', 70),
(14, 'Pooja', 24),
(15, 'Samir', 23),
(16, 'Swati', 29),
(17, 'Hetal', 30),
(18, 'Yogini', 28),
(19, 'Zia', 31),
(20, 'Shiv', 16);

INSERT INTO pledges (id, amount, user_id, project_id) VALUES
(1, 20, 1, 3),
(2, 55, 4, 1),
(3, 25, 20, 6),
(4, 500, 4, 8),
(5, 200, 1, 8),
(6, 30, 5, 10),
(7, 22, 2, 2),
(8, 10, 3, 5),
(9, 150, 6, 6),
(10, 136, 7, 9),
(11, 305, 17, 3),
(12, 10, 16, 4),
(13, 200, 15, 7),
(14, 50, 18, 2),
(15, 110, 19, 3),
(16, 280, 12, 10),
(17, 330, 11, 8),
(18, 200, 14, 5),
(19, 190, 10, 2),
(20, 200, 1, 7),
(21, 55, 3, 5),
(22, 250, 5, 2),
(23, 1000, 4, 8),
(24, 20, 16, 9),
(25, 209, 13, 10),
(26, 5000, 7, 3),
(27, 200, 6, 2),
(28, 60, 17, 6),
(29, 123, 14, 3),
(30, 20, 19, 8);
