INSERT INTO users (id, name, age) VALUES (1, "mike", 24);
INSERT INTO users (id, name, age) VALUES (2, "alyssa", 20);
INSERT INTO users (id, name, age) VALUES (3, "nick", 55);
INSERT INTO users (id, name, age) VALUES (4, "lynette", 53);
INSERT INTO users (id, name, age) VALUES (5, "james", 29);
INSERT INTO users (id, name, age) VALUES (6, "jon", 20);
INSERT INTO users (id, name, age) VALUES (7, "dom", 22);
INSERT INTO users (id, name, age) VALUES (8, "alex", 26);
INSERT INTO users (id, name, age) VALUES (9, "amanda", 24);
INSERT INTO users (id, name, age) VALUES (10, "jessica", 21);
INSERT INTO users (id, name, age) VALUES (11, "sam", 21);
INSERT INTO users (id, name, age) VALUES (12, "john", 18);
INSERT INTO users (id, name, age) VALUES (13, "denver", 75);
INSERT INTO users (id, name, age) VALUES (14, "rahiem", 79);
INSERT INTO users (id, name, age) VALUES (15, "milton", 75);
INSERT INTO users (id, name, age) VALUES (16, "kyle", 21);
INSERT INTO users (id, name, age) VALUES (17, "ricardo", 25);
INSERT INTO users (id, name, age) VALUES (18, "tyler", 24);
INSERT INTO users (id, name, age) VALUES (19, "brian", 24);
INSERT INTO users (id, name, age) VALUES (20, "zach", 18);

INSERT INTO projects (id, title, category, funding_goal, start_date, end_date) VALUES (1, "dynamic goal", "life", 1337, "May", "January");
INSERT INTO projects (id, title, category, funding_goal, start_date, end_date) VALUES (2, "money", "freedom", 10000000, "May", "Ongoing");
INSERT INTO projects (id, title, category, funding_goal, start_date, end_date) VALUES (3, "fitness", "health", 99, "May", "Ongoing");
INSERT INTO projects (id, title, category, funding_goal, start_date, end_date) VALUES (4, "mental", "life", 1337, "May", "Ongoing");
INSERT INTO projects (id, title, category, funding_goal, start_date, end_date) VALUES (5, "relationships", "life", 69, "May", "Ongoing");
INSERT INTO projects (id, title, category, funding_goal, start_date, end_date) VALUES (6, "coding", "life", 999999, "May", "December");
INSERT INTO projects (id, title, category, funding_goal, start_date, end_date) VALUES (7, "present moment", "it", 0, "infinite", "infinite");
INSERT INTO projects (id, title, category, funding_goal, start_date, end_date) VALUES (8, "improve being", "earth", 100000000, "forever", "forever");
INSERT INTO projects (id, title, category, funding_goal, start_date, end_date) VALUES (9, "intelligence", "brain", 999, "May", "Ongoing");
INSERT INTO projects (id, title, category, funding_goal, start_date, end_date) VALUES (10, "peace", "life", 0, "forever", "forever");

INSERT INTO pledges (id, amount, user_id, project_id) VALUES (1, 100, '1', 1);
INSERT INTO pledges (id, amount, user_id, project_id) VALUES (2, 100, '2', 2);
INSERT INTO pledges (id, amount, user_id, project_id) VALUES (3, 100, '1', 3);
INSERT INTO pledges (id, amount, user_id, project_id) VALUES (4, 100, '3', 4);
INSERT INTO pledges (id, amount, user_id, project_id) VALUES (5, 100, '4', 5);
INSERT INTO pledges (id, amount, user_id, project_id) VALUES (6, 100, '5', 6);
INSERT INTO pledges (id, amount, user_id, project_id) VALUES (7, 100, '1', 7);
INSERT INTO pledges (id, amount, user_id, project_id) VALUES (8, 100, '9', 8);
INSERT INTO pledges (id, amount, user_id, project_id) VALUES (9, 100, '6', 9);
INSERT INTO pledges (id, amount, user_id, project_id) VALUES (10, 100, '1', 10);
INSERT INTO pledges (id, amount, user_id, project_id) VALUES (11, 100, '8', 1);
INSERT INTO pledges (id, amount, user_id, project_id) VALUES (12, 100, '19', 3);
INSERT INTO pledges (id, amount, user_id, project_id) VALUES (13, 100, '15', 4);
INSERT INTO pledges (id, amount, user_id, project_id) VALUES (14, 100, '20', 6);
INSERT INTO pledges (id, amount, user_id, project_id) VALUES (15, 100, '11', 7);
INSERT INTO pledges (id, amount, user_id, project_id) VALUES (16, 100, '12', 2);
INSERT INTO pledges (id, amount, user_id, project_id) VALUES (17, 100, '13', 1);
INSERT INTO pledges (id, amount, user_id, project_id) VALUES (18, 100, '17', 5);
INSERT INTO pledges (id, amount, user_id, project_id) VALUES (19, 100, '14', 5);
INSERT INTO pledges (id, amount, user_id, project_id) VALUES (20, 100, '18', 6);
INSERT INTO pledges (id, amount, user_id, project_id) VALUES (21, 100, '19', 9);
INSERT INTO pledges (id, amount, user_id, project_id) VALUES (22, 100, '2', 10);
INSERT INTO pledges (id, amount, user_id, project_id) VALUES (23, 100, '7', 7);
INSERT INTO pledges (id, amount, user_id, project_id) VALUES (24, 100, '4', 3);
INSERT INTO pledges (id, amount, user_id, project_id) VALUES (25, 100, '8', 2);
INSERT INTO pledges (id, amount, user_id, project_id) VALUES (26, 100, '9', 1);
INSERT INTO pledges (id, amount, user_id, project_id) VALUES (27, 100, '2', 4);
INSERT INTO pledges (id, amount, user_id, project_id) VALUES (28, 100, '3', 7);
INSERT INTO pledges (id, amount, user_id, project_id) VALUES (29, 100, '4', 5);
INSERT INTO pledges (id, amount, user_id, project_id) VALUES (30, 100, '8', 4);
