INSERT INTO projects (id, title, category, funding_goal, start_date, end_date) VALUES (1, 'My dog needs teeth cleaned', 'Veterinary', 500, '2017-10-10', '2018-01-05');
INSERT INTO projects (id, title, category, funding_goal, start_date, end_date) VALUES (2, 'Finish basement', 'Building', 10000, '2017-09-15', '2018-01-30');
INSERT INTO projects (id, title, category, funding_goal, start_date, end_date) VALUES (3, 'Garage', 'Building', 15000, '2018-05-01', '2018-07-01');
INSERT INTO projects (id, title, category, funding_goal, start_date, end_date) VALUES (4, 'Orphanage Schoolhouse', 'Orphanage', 70000, '2018-02-01', '2018-10-01');
INSERT INTO projects (id, title, category, funding_goal, start_date, end_date) VALUES (5, 'Train Horses Business', 'Startup', 150000, '2018-03-03', '2019-03-03');
INSERT INTO projects (id, title, category, funding_goal, start_date, end_date) VALUES (6, 'Flatiron School Graduation', 'School', 1500, '2017-05-11', '2017-10-31');
INSERT INTO projects (id, title, category, funding_goal, start_date, end_date) VALUES (7, 'Build Garden', 'Garden', 2000, '2017-09-01', '2017-11-30');
INSERT INTO projects (id, title, category, funding_goal, start_date, end_date) VALUES (8, 'Investigative Training', 'School', 15000, '2017-11-01', '2017-05-01');
INSERT INTO projects (id, title, category, funding_goal, start_date, end_date) VALUES (9, 'Basket Weaving', 'School', 20, '2017-09-30', '2017-10-03');
INSERT INTO projects (id, title, category, funding_goal, start_date, end_date) VALUES (10, 'Shelter Extension','Building', 45000, '2018-01-01', '2017-08-01');

INSERT INTO users (id, name, age) VALUES (1, "Mary", 55);
INSERT INTO users (id, name, age) VALUES (2, "John", 23);
INSERT INTO users (id, name, age) VALUES (3, "Sara", 18);
INSERT INTO users (id, name, age) VALUES (4, "Steve", 34);
INSERT INTO users (id, name, age) VALUES (5, "Jack", 17);
INSERT INTO users (id, name, age) VALUES (6, "Brad", 24);
INSERT INTO users (id, name, age) VALUES (7, "Jaci", 46);
INSERT INTO users (id, name, age) VALUES (8, "Klinger", 37);
INSERT INTO users (id, name, age) VALUES (9, "Trapper", 38);
INSERT INTO users (id, name, age) VALUES (10, "Hawkeye", 38);
INSERT INTO users (id, name, age) VALUES (11, "Loretta", 29);
INSERT INTO users (id, name, age) VALUES (12, "Frank", 42);
INSERT INTO users (id, name, age) VALUES (13, "Chris", 19);
INSERT INTO users (id, name, age) VALUES (14, "Sean", 67);
INSERT INTO users (id, name, age) VALUES (15, "Gabriel", 65);
INSERT INTO users (id, name, age) VALUES (16, "Jose", 33);
INSERT INTO users (id, name, age) VALUES (17, "Tucker", 43);
INSERT INTO users (id, name, age) VALUES (18, "Gean", 87);
INSERT INTO users (id, name, age) VALUES (19, "Liz", 27);
INSERT INTO users (id, name, age) VALUES (20, "Isadora", 51);

INSERT INTO pledges (id, amount, user_id, project_id) VALUES (1, 54, 1, 1);
INSERT INTO pledges (id, amount, user_id, project_id) VALUES (2, 200, 2, 3);
INSERT INTO pledges (id, amount, user_id, project_id) VALUES (3, 40, 5, 7);
INSERT INTO pledges (id, amount, user_id, project_id) VALUES (4, 25, 7, 10);
INSERT INTO pledges (id, amount, user_id, project_id) VALUES (5, 5, 20, 9);
INSERT INTO pledges (id, amount, user_id, project_id) VALUES (6, 30, 20, 8);
INSERT INTO pledges (id, amount, user_id, project_id) VALUES (7, 45, 3, 7);
INSERT INTO pledges (id, amount, user_id, project_id) VALUES (8, 20, 4, 6);
INSERT INTO pledges (id, amount, user_id, project_id) VALUES (9, 500, 6, 6);
INSERT INTO pledges (id, amount, user_id, project_id) VALUES (10, 300, 8, 2);
INSERT INTO pledges (id, amount, user_id, project_id) VALUES (11, 40, 9, 4);
INSERT INTO pledges (id, amount, user_id, project_id) VALUES (12, 55, 10, 1);
INSERT INTO pledges (id, amount, user_id, project_id) VALUES (13, 600, 19, 5);
INSERT INTO pledges (id, amount, user_id, project_id) VALUES (14, 14, 18, 9);
INSERT INTO pledges (id, amount, user_id, project_id) VALUES (15, 5, 11, 7);
INSERT INTO pledges (id, amount, user_id, project_id) VALUES (16, 56, 12, 5);
INSERT INTO pledges (id, amount, user_id, project_id) VALUES (17, 400, 17, 2);
INSERT INTO pledges (id, amount, user_id, project_id) VALUES (18, 75, 16, 3);
INSERT INTO pledges (id, amount, user_id, project_id) VALUES (19, 78, 15, 4);
INSERT INTO pledges (id, amount, user_id, project_id) VALUES (20, 24, 14, 4);
INSERT INTO pledges (id, amount, user_id, project_id) VALUES (21, 200, 13, 5);
INSERT INTO pledges (id, amount, user_id, project_id) VALUES (22, 900, 12, 6);
INSERT INTO pledges (id, amount, user_id, project_id) VALUES (23, 21, 11, 7);
INSERT INTO pledges (id, amount, user_id, project_id) VALUES (24, 90, 10, 8);
INSERT INTO pledges (id, amount, user_id, project_id) VALUES (25, 100, 9, 9);
INSERT INTO pledges (id, amount, user_id, project_id) VALUES (26, 45, 8, 10);
INSERT INTO pledges (id, amount, user_id, project_id) VALUES (27, 20, 7, 9);
INSERT INTO pledges (id, amount, user_id, project_id) VALUES (28, 19, 6, 8);
INSERT INTO pledges (id, amount, user_id, project_id) VALUES (29, 89, 5, 7);
INSERT INTO pledges (id, amount, user_id, project_id) VALUES (30, 67, 4, 6);
