INSERT INTO users (id, name, age) VALUES (1, 'Rich', 11), (2, 'Hal', 62), (3, 'Khan', 43), (4, 'Tom', 333),
(5, 'Tsunade', 24), (6, 'Sasuke',16), (7, 'Send', 9), (8, 'Flo', 283), (9, 'Avi', 1008), (10, 'Yez', 90),
(11, 'Hokage', 97), (12, 'Naruto', 204), (13, 'Swizzle', 47), (14, 'Sirius', 36), (15, 'Albus', 45), (16, 'Squid', 45),
(17, 'Haruhi', 1), (18, 'Emily', 2), (19, 'Ian', 3), (20, 'Kate', 4);

INSERT INTO projects (id, title, category, funding_goal, start_date, end_date) VALUES
(1, 'Food for all', 'food', 100000.00, '2013-06-30', '2013-07-30'),
(2, 'New board game', 'entertainment', 420.00, '2013-02-02', '2014-02-02'),
(3, 'Hero move', 'books', 1000.00, '2013-05-30', '2015-05-30'),
(4, 'Animal shelter needs dog food', 'life', 400.00, '2013-03-14', '2013-06-30'),
(5, 'Orphans', 'charity', 6000.00, '2013-03-20', '2013-09-20'),
(6, 'The next Inna-Gadda-Davida', 'toilet', 200.00, '2014-12-30', '2015-12-30'),
(7, 'Interactive toilet', 'technology', 2000.00, '2013-10-02', '2013-10-30'),
(8, 'Dead parents', 'life', 800.00, '2014-06-30', '2014-06-31'),
(9, 'Fix my car', 'automotive', 3000.00, '2013-06-30', '2013-09-30'),
(10, 'Heart surgery', 'charity', 5000.00, '2012-03-20', '2013-06-30');

INSERT INTO pledges (id, amount, user_id, project_id) VALUES
(1, 10.00, 1, 2),
(2, 20.00, 1, 3),
(3, 40.00, 1, 4),
(4, 50.00, 2, 3),
(5, 10.00, 3, 2),
(6, 20.00, 4, 4),
(7, 40.00, 5, 10),
(8, 60.00, 6, 10),
(9, 50.00, 7, 9),
(10, 700.00, 8, 8),
(11, 1000.00, 8, 7),
(12, 40.00, 9, 6),
(13, 50.00, 9, 3),
(14, 50.00, 10, 4),
(15, 24.00, 12, 1),
(16, 34.00, 11, 1),
(17, 12.00, 13, 6),
(18, 19.00, 14, 5),
(19, 20.00, 15, 5),
(20, 40.00, 16, 6),
(21, 35.50, 17, 7),
(22, 40.00, 18, 8),
(23, 60.00, 19, 9),
(24, 70.00, 20, 10),
(25, 100.00, 20, 4),
(26, 40.00, 19, 1),
(27, 20.00, 18, 6),
(28, 90.00, 17, 9),
(29, 230.00, 16, 6),
(30, 450.00, 15, 5);
