INSERT INTO users (id, name, age) VALUES (1,'Ben', 28);
INSERT INTO users (id, name, age) VALUES (2,'Luke', 30);
INSERT INTO users (id, name, age) VALUES (3,'Aaron', 22);
INSERT INTO users (id, name, age) VALUES (4,'Tenzin', 27);
INSERT INTO users (id, name, age) VALUES (5,'Pema', 25);
INSERT INTO users (id, name, age) VALUES (6,'Don', 56);
INSERT INTO users (id, name, age) VALUES (7,'Liz', 36);
INSERT INTO users (id, name, age) VALUES (8,'Nikki', 19);
INSERT INTO users (id, name, age) VALUES (9,'Shawn', 10);
INSERT INTO users (id, name, age) VALUES (10,'Nick', 16);
INSERT INTO users (id, name, age) VALUES (11,'Tony', 43);
INSERT INTO users (id, name, age) VALUES (12,'Paula', 67);
INSERT INTO users (id, name, age) VALUES (13,'Chowder', 2);
INSERT INTO users (id, name, age) VALUES (14,'Evan', 27);
INSERT INTO users (id, name, age) VALUES (15,'Victor', 27);
INSERT INTO users (id, name, age) VALUES (16,'Otmar', 42);
INSERT INTO users (id, name, age) VALUES (17,'Pala', 12);
INSERT INTO users (id, name, age) VALUES (18,'Ama', 33);
INSERT INTO users (id, name, age) VALUES (19,'Greg', 53);
INSERT INTO users (id, name, age) VALUES (20,'Janet', 88);

INSERT INTO projects (id, title, category, funding_goal, start_date, end_date)
VALUES (1, "Asian resturant", "Resturants", 250000.00, "01-01-2016", "02-01-2016");

INSERT INTO projects (id, title, category, funding_goal, start_date, end_date)
VALUES (2, "Make a Movie", "Media", 20000.00, "03-22-2016", "04-22-2016");

INSERT INTO projects (id, title, category, funding_goal, start_date, end_date)
VALUES (3, "Fitness App", "Tech", 100000.00, "01-11-2016", "02-11-2016");

INSERT INTO projects (id, title, category, funding_goal, start_date, end_date)
VALUES (4, "Publish Book", "Books", 1000.00, "04-23-2016", "04-30-2016");

INSERT INTO projects (id, title, category, funding_goal, start_date, end_date)
VALUES (5, "Travel to China", "Travel", 20000.00, "12-01-2016", "02-01-2016");

INSERT INTO projects (id, title, category, funding_goal, start_date, end_date)
VALUES (6, "Podcast Support", "Media", 80000.00, "01-10-2016", "03-10-2016");

INSERT INTO projects (id, title, category, funding_goal, start_date, end_date)
VALUES (7, "Phone Case Business", "Business", 90000.00, "03-23-2016", "05-12-2016");

INSERT INTO projects (id, title, category, funding_goal, start_date, end_date)
VALUES (8, "Sporty Suitcase", "Business", 120000.00, "03-12-2016", "05-06-2016");

INSERT INTO projects (id, title, category, funding_goal, start_date, end_date)
VALUES (9, "Travel to India", "Travel", 10000.00, "01-23-2016", "02-23-2016");

INSERT INTO projects (id, title, category, funding_goal, start_date, end_date)
VALUES (10, "711 Franchise", "Business", 250000.00, "01-02-2016", "02-01-2016");

INSERT INTO pledges (id, amount, user_id, project_id) VALUES (1, 20.00, 12, 4);
INSERT INTO pledges (id, amount, user_id, project_id) VALUES (2, 10.00, 8, 1);
INSERT INTO pledges (id, amount, user_id, project_id) VALUES (3, 20.00, 2, 6);
INSERT INTO pledges (id, amount, user_id, project_id) VALUES (4, 20.00, 3, 5);
INSERT INTO pledges (id, amount, user_id, project_id) VALUES (5, 20.00, 9, 9);
INSERT INTO pledges (id, amount, user_id, project_id) VALUES (6, 20.00, 2, 10);
INSERT INTO pledges (id, amount, user_id, project_id) VALUES (7, 20.00, 1, 2);
INSERT INTO pledges (id, amount, user_id, project_id) VALUES (8, 20.00, 19, 3);
INSERT INTO pledges (id, amount, user_id, project_id) VALUES (9, 20.00, 20, 7);
INSERT INTO pledges (id, amount, user_id, project_id) VALUES (10, 20.00, 16, 8);
INSERT INTO pledges (id, amount, user_id, project_id) VALUES (11, 20.00, 4, 6);
INSERT INTO pledges (id, amount, user_id, project_id) VALUES (12, 20.00, 5, 3);
INSERT INTO pledges (id, amount, user_id, project_id) VALUES (13, 20.00, 17, 4);
INSERT INTO pledges (id, amount, user_id, project_id) VALUES (14, 20.00, 18, 7);
INSERT INTO pledges (id, amount, user_id, project_id) VALUES (15, 20.00, 7, 7);
INSERT INTO pledges (id, amount, user_id, project_id) VALUES (16, 20.00, 8, 4);
INSERT INTO pledges (id, amount, user_id, project_id) VALUES (17, 20.00, 7, 9);
INSERT INTO pledges (id, amount, user_id, project_id) VALUES (18, 20.00, 12, 10);
INSERT INTO pledges (id, amount, user_id, project_id) VALUES (19, 20.00, 11, 7);
INSERT INTO pledges (id, amount, user_id, project_id) VALUES (20, 20.00, 9, 1);
INSERT INTO pledges (id, amount, user_id, project_id) VALUES (21, 20.00, 5, 1);
INSERT INTO pledges (id, amount, user_id, project_id) VALUES (22, 20.00, 3, 4);
INSERT INTO pledges (id, amount, user_id, project_id) VALUES (23, 20.00, 2, 8);
INSERT INTO pledges (id, amount, user_id, project_id) VALUES (24, 20.00, 1, 7);
INSERT INTO pledges (id, amount, user_id, project_id) VALUES (25, 20.00, 19, 4);
INSERT INTO pledges (id, amount, user_id, project_id) VALUES (26, 20.00, 16, 3);
INSERT INTO pledges (id, amount, user_id, project_id) VALUES (27, 20.00, 13, 2);
INSERT INTO pledges (id, amount, user_id, project_id) VALUES (28, 20.00, 12, 8);
INSERT INTO pledges (id, amount, user_id, project_id) VALUES (29, 20.00, 8, 9);
INSERT INTO pledges (id, amount, user_id, project_id) VALUES (30, 20.00, 9, 6);





