INSERT INTO projects (id, title, category, funding_goal, start_date, end_date) VALUES
(1, 'Trip to Canada', 'travel', 1300, '03-29-2017', '06-11-2017'),
(2, 'Visit the Zoo', 'entertainment', 35, '06-01-2017', '06-30-2017'),
(3, 'Steak Dinner', 'food', 100, '06-01-2017', '07-04-2017'),
(4, 'Race for the Cure', 'charity', 2000, '09-05-2017', '12-05-2017'),
(5, 'Move to LA', 'help', 10000, '06-25-2017', '07-25-2017'),
(6, 'Art Supplies', 'schools in need', 900, '01-01-2017', '05-20-2017'),
(7, 'No Name', 'help', 75, '03-29-2017', '05-29-2017'),
(8, 'Kendrick Lamar Concert', 'entertainment', 200, '07-23-2017', '08-16-2017'),
(9, 'Cash for Clunkers', 'environment', 6000, '04-11-2017', '12-27-2017'),
(10, 'Golf Tournement', 'charity', 33000, '01-28-2017', '09-25-2017');


INSERT INTO users (id, name, age) VALUES (1, 'Jeff', 27), (2, 'Kel-C', 26), (3, 'Dubya', 30), (4, 'Dan', 33),
(5, 'Nicole', 21), (6, 'Trevor', 18), (7, 'Brian', 43), (8, 'Cory', 43), (9, 'Gary', 74), (10, 'Marcus', 32),
(11, 'Lisa', 52), (12, 'Joe', 53), (13, 'Averii', 2), (14, 'Gentrii', 1), (15, 'London', 1), (16, 'George', 8),
(17, 'Dax', 24), (18, 'Kyle', 33), (19, 'Lebron', 35), (20, 'Kobe', 24);


INSERT INTO pledges (id, amount, user_id, project_id) VALUES
(1, 25, 1, 2),
(2, 15, 8, 3),
(3, 15, 9, 4),
(4, 10, 17, 5),
(5, 5, 12, 6),
(6, 5, 10, 1),
(7, 20, 14, 7),
(8, 35, 18, 10),
(9, 900, 12, 9),
(10, 200, 13, 10),
(11, 80, 17, 7),
(12, 80, 16, 7),
(13, 75, 18, 6),
(14, 34, 19, 4),
(15, 9876, 20, 1),
(16, 1234, 9, 1),
(17, 90, 12, 6),
(18, 35, 8, 8),
(19, 25, 2, 9),
(20, 25, 3, 6),
(21, 5000, 4, 7),
(22, 2000, 11, 8),
(23, 75, 12, 9),
(24, 45, 13, 10),
(25, 5, 9, 4),
(26, 5, 5, 1),
(27, 17, 20, 10),
(28, 28, 3, 6),
(29, 99, 6, 2),
(30, 5, 20, 1);