INSERT INTO users (id, name, age) VALUES
(1, 'Christen', 28), (2, 'Michael', 28), (3, 'Fabian', 22), (4, 'Josh', 34),
(5, 'Candace', 34), (6, 'Marc', 28), (7, 'Nikki', 21), (8, 'Paul', 65),
(9, 'Kathy', 65), (10, 'James', 30), (11, 'Paris', 32), (12, 'Arnold', 26),
(13, 'Adrian', 26), (14, 'Taylor', 27), (15, 'Blake', 26), (16, 'Allison', 55),
(17, 'Jared', 36), (18, 'Brentton', 24), (19, 'Angela', 30), (20, 'Vicki', 38);

INSERT INTO projects (id, title, category, funding_goal, start_date, end_date) VALUES
(1, 'Help me pay for nursing school', 'education', 1000.00, '2016-10-15', '2017-01-02'),
(2, 'Creating an awesome music label', 'music', 4000.00, '2016-10-30', '2017-01-10'),
(3, 'Starting a soccer training camp', 'education', 500.00, '2016-11-5', '2017-01-25'),
(4, 'Open a Roscoes franchise', 'restaurants', 10000.00, '2016-11-15', '2017-02-06'),
(5, 'Starting up a web development business', 'business', 10000.00, '2016-11-26', '2017-02-14'),
(6, 'Open a dog shelter', 'charity', 8000.00, '2016-12-01', '2017-02-28'),
(7, 'I want to teach kids how to write code', 'education', 2000.00, '2016-12-12', '2017-03-03'),
(8, 'Save school music programs', 'charity', 20000.00, '2016-12-20', '2017-03-15'),
(9, 'Donate computers to the library', 'charity', 10000.00, '2016-12-29', '2017-03-25'),
(10, 'I need to fix my car', 'charity', 1000.00, '2017-01-02', '2017-04-05');

INSERT INTO pledges (id, amount, user_id, project_id) VALUES
(1, 10.00, 1, 2),
(2, 20.00, 1, 3),
(3, 40.00, 1, 5),
(4, 50.00, 2, 3),
(5, 10.00, 2, 2),
(6, 20.00, 4, 4),
(7, 40.00, 5, 10),
(8, 60.00, 6, 10),
(9, 50.00, 9, 9),
(10, 700.00, 5, 8),
(11, 1000.00, 8, 7),
(12, 40.00, 9, 6),
(13, 50.00, 9, 3),
(14, 50.00, 10, 4),
(15, 24.00, 12, 1),
(16, 34.00, 11, 1),
(17, 12.00, 13, 6),
(18, 19.00, 14, 5),
(19, 20.00, 15, 5),
(20, 40.00, 16, 6),
(21, 35.50, 17, 7),
(22, 45.00, 18, 7),
(23, 60.00, 19, 9),
(24, 80.00, 20, 10),
(25, 50.00, 20, 4),
(26, 40.00, 19, 1),
(27, 20.00, 18, 6),
(28, 95.00, 17, 9), 
(29, 230.00, 16, 6),
(30, 450.00, 15, 8);
