INSERT INTO users (id, name, age) VALUES (1, "Jen", 21);
INSERT INTO users (id, name, age) VALUES (2, "Jennifer", 20);
INSERT INTO users (id, name, age) VALUES (3, "Jack", 22);
INSERT INTO users (id, name, age) VALUES (4, "Jess", 23);
INSERT INTO users (id, name, age) VALUES (5, "Jessica", 24);
INSERT INTO users (id, name, age) VALUES (6, "Jacob", 25);
INSERT INTO users (id, name, age) VALUES (7, "Jake", 26);
INSERT INTO users (id, name, age) VALUES (8, "Jack O Lantern", 27);
INSERT INTO users (id, name, age) VALUES (9, "Apple", 28);
INSERT INTO users (id, name, age) VALUES (10, "Martin", 23);
INSERT INTO users (id, name, age) VALUES (11, "Marvin", 49);
INSERT INTO users (id, name, age) VALUES (12, "Milly", 58);
INSERT INTO users (id, name, age) VALUES (13, "Tilly", 18);
INSERT INTO users (id, name, age) VALUES (14, "Billy", 60);
INSERT INTO users (id, name, age) VALUES (15, "Willy", 27);
INSERT INTO users (id, name, age) VALUES (16, "Han", 31);
INSERT INTO users (id, name, age) VALUES (17, "Leia", 41);
INSERT INTO users (id, name, age) VALUES (18, "Luke", 63);
INSERT INTO users (id, name, age) VALUES (19, "Chewie", 56);
INSERT INTO users (id, name, age) VALUES (20, "Ben", 78);


INSERT INTO projects (id, title, category, funding_goal, start_date, end_date)
VALUES (1, "Project 1", 'charity', 100, 'Jan 18', 'Nov 18');

INSERT INTO projects (id, title, category, funding_goal, start_date, end_date)
VALUES (2, "Project 2", 'charity', 15000, 'Feb 18', 'Dec 18');

INSERT INTO projects (id, title, category, funding_goal, start_date, end_date)
VALUES (3, "Project 3", 'music', 560, 'Mar 18', 'Jan 19');

INSERT INTO projects (id, title, category, funding_goal, start_date, end_date)
VALUES (4, "Project 4", 'books', 450, 'Apr 18', 'Feb 19');

INSERT INTO projects (id, title, category, funding_goal, start_date, end_date)
VALUES (5, "Project 5", 'music', 9000, 'May 18', 'Mar 19');

INSERT INTO projects (id, title, category, funding_goal, start_date, end_date)
VALUES (6, "Project 6", 'books', 490, 'Jun 18', 'Apr 19');

INSERT INTO projects (id, title, category, funding_goal, start_date, end_date)
VALUES (7, "Project 7", 'music', 2500, 'Jul 18', 'May 19');

INSERT INTO projects (id, title, category, funding_goal, start_date, end_date)
VALUES (8, "Project 8", 'art', 1000, 'Aug 18', 'Jun 19');

INSERT INTO projects (id, title, category, funding_goal, start_date, end_date)
VALUES (9, "Project 9", 'charity', 3000, 'Sept 18', 'Jul 19');

INSERT INTO projects (id, title, category, funding_goal, start_date, end_date)
VALUES (10, "Project 10", 'charity', 700, 'Oct 18', 'Aug 19');

INSERT INTO pledges (id, amount, user_id, project_id)
VALUES (11, 10, 20, 1);
INSERT INTO pledges (id, amount, user_id, project_id)
VALUES (12, 10, 2, 10);
INSERT INTO pledges (id, amount, user_id, project_id)
VALUES (13, 500, 4, 7);
INSERT INTO pledges (id, amount, user_id, project_id)
VALUES (14, 200, 6, 4);
INSERT INTO pledges (id, amount, user_id, project_id)
VALUES (15, 10, 1, 7);
INSERT INTO pledges (id, amount, user_id, project_id)
VALUES (16, 25, 2, 9);
INSERT INTO pledges (id, amount, user_id, project_id)
VALUES (17, 45, 3, 3);
INSERT INTO pledges (id, amount, user_id, project_id)
VALUES (18, 30, 4, 5);
INSERT INTO pledges (id, amount, user_id, project_id)
VALUES (19, 25, 5, 10);
INSERT INTO pledges (id, amount, user_id, project_id)
VALUES (20, 70, 6, 6);
INSERT INTO pledges (id, amount, user_id, project_id)
VALUES (21, 60, 7, 8);
INSERT INTO pledges (id, amount, user_id, project_id)
VALUES (22, 50, 8, 2);
INSERT INTO pledges (id, amount, user_id, project_id)
VALUES (23, 40, 9, 3);
INSERT INTO pledges (id, amount, user_id, project_id)
VALUES (24, 30, 10, 4);
INSERT INTO pledges (id, amount, user_id, project_id)
VALUES (25, 20, 20, 5);
INSERT INTO pledges (id, amount, user_id, project_id)
VALUES (26, 10, 2, 6);
INSERT INTO pledges (id, amount, user_id, project_id)
VALUES (27, 150, 10, 7);
INSERT INTO pledges (id, amount, user_id, project_id)
VALUES (28, 120, 11, 8);
INSERT INTO pledges (id, amount, user_id, project_id)
VALUES (29, 100, 12, 9);
INSERT INTO pledges (id, amount, user_id, project_id)
VALUES (30, 500, 13, 10);
INSERT INTO pledges (id, amount, user_id, project_id)
VALUES (1, 75, 14, 1);
INSERT INTO pledges (id, amount, user_id, project_id)
VALUES (2, 40, 15, 2);
INSERT INTO pledges (id, amount, user_id, project_id)
VALUES (3, 20, 16, 3);
INSERT INTO pledges (id, amount, user_id, project_id)
VALUES (4, 75, 17, 4);
INSERT INTO pledges (id, amount, user_id, project_id)
VALUES (5, 15, 18, 5);
INSERT INTO pledges (id, amount, user_id, project_id)
VALUES (6, 100, 19, 6);
INSERT INTO pledges (id, amount, user_id, project_id)
VALUES (7, 30, 20, 7);
INSERT INTO pledges (id, amount, user_id, project_id)
VALUES (8, 400, 15, 8);
INSERT INTO pledges (id, amount, user_id, project_id)
VALUES (9, 30, 16, 9);
INSERT INTO pledges (id, amount, user_id, project_id)
VALUES (10, 50, 12, 9);
