INSERT INTO users (name, age) VALUES ("aaa", 20);
INSERT INTO users (name, age) VALUES ("bbb", 21);
INSERT INTO users (name, age) VALUES ("ccc", 22);
INSERT INTO users (name, age) VALUES ("ddd", 23);
INSERT INTO users (name, age) VALUES ("eee", 24);
INSERT INTO users (name, age) VALUES ("fff", 25);
INSERT INTO users (name, age) VALUES ("ggg", 26);
INSERT INTO users (name, age) VALUES ("hhh", 27);
INSERT INTO users (name, age) VALUES ("iii", 28);
INSERT INTO users (name, age) VALUES ("jjj", 29);
INSERT INTO users (name, age) VALUES ("kkk", 30);
INSERT INTO users (name, age) VALUES ("lll", 31);
INSERT INTO users (name, age) VALUES ("mmm", 32);
INSERT INTO users (name, age) VALUES ("nnn", 33);
INSERT INTO users (name, age) VALUES ("ooo", 34);
INSERT INTO users (name, age) VALUES ("ppp", 35);
INSERT INTO users (name, age) VALUES ("qqq", 36);
INSERT INTO users (name, age) VALUES ("rrr", 37);
INSERT INTO users (name, age) VALUES ("sss", 38);
INSERT INTO users (name, age) VALUES ("ttt", 39);

INSERT INTO projects (title, category, funding_goal, start_date, end_date) VALUES ("aaaa", "health", 50000, 1/1/2015, 2/5/2015);
INSERT INTO projects (title, category, funding_goal, start_date, end_date) VALUES ("bbbb", "shelter", 70000, 1/1/2015, 2/5/2015);
INSERT INTO projects (title, category, funding_goal, start_date, end_date) VALUES ("cccc", "tech", 100000, 1/1/2015, 2/5/2015);
INSERT INTO projects (title, category, funding_goal, start_date, end_date) VALUES ("dddd", "health", 80000, 1/1/2015, 2/5/2015);
INSERT INTO projects (title, category, funding_goal, start_date, end_date) VALUES ("eeee", "shelter", 100000, 1/1/2015, 2/5/2015);
INSERT INTO projects (title, category, funding_goal, start_date, end_date) VALUES ("ffff", "tech", 80000, 1/1/2015, 2/5/2015);
INSERT INTO projects (title, category, funding_goal, start_date, end_date) VALUES ("gggg", "class", 60000, 1/1/2015, 2/5/2015);
INSERT INTO projects (title, category, funding_goal, start_date, end_date) VALUES ("hhhh", "class", 70000, 1/1/2015, 2/5/2015);
INSERT INTO projects (title, category, funding_goal, start_date, end_date) VALUES ("iiii", "health", 50000, 1/1/2015, 2/5/2015);
INSERT INTO projects (title, category, funding_goal, start_date, end_date) VALUES ("jjjj", "tech", 85000, 1/1/2015, 2/5/2015);

INSERT INTO pledges (user_id, amount, project_id) VALUES ("aaa", 5000, 1);
INSERT INTO pledges (user_id, amount, project_id) VALUES ("bbb", 3000, 2);
INSERT INTO pledges (user_id, amount, project_id) VALUES ("ccc", 1000, 1);
INSERT INTO pledges (user_id, amount, project_id) VALUES ("ddd", 2000, 3);
INSERT INTO pledges (user_id, amount, project_id) VALUES ("eee", 2000, 2);
INSERT INTO pledges (user_id, amount, project_id) VALUES ("fff", 2000, 5);
INSERT INTO pledges (user_id, amount, project_id) VALUES ("ggg", 1000, 4);
INSERT INTO pledges (user_id, amount, project_id) VALUES ("hhh", 4000, 6);
INSERT INTO pledges (user_id, amount, project_id) VALUES ("iii", 3000, 2);
INSERT INTO pledges (user_id, amount, project_id) VALUES ("jjj", 1000, 7);
INSERT INTO pledges (user_id, amount, project_id) VALUES ("kkk", 2000, 8);
INSERT INTO pledges (user_id, amount, project_id) VALUES ("lll", 3000, 9);
INSERT INTO pledges (user_id, amount, project_id) VALUES ("mmm", 2000, 10);
INSERT INTO pledges (user_id, amount, project_id) VALUES ("nnn", 1000, 8);
INSERT INTO pledges (user_id, amount, project_id) VALUES ("ooo", 1000, 8);
INSERT INTO pledges (user_id, amount, project_id) VALUES ("ppp", 1000, 9);
INSERT INTO pledges (user_id, amount, project_id) VALUES ("qqq", 6000, 6);
INSERT INTO pledges (user_id, amount, project_id) VALUES ("rrr", 3000, 5);
INSERT INTO pledges (user_id, amount, project_id) VALUES ("sss", 8000, 7);
INSERT INTO pledges (user_id, amount, project_id) VALUES ("ttt", 1000, 3);
INSERT INTO pledges (user_id, amount, project_id) VALUES ("uuu", 1000, 5);
INSERT INTO pledges (user_id, amount, project_id) VALUES ("vvv", 4000, 10);
INSERT INTO pledges (user_id, amount, project_id) VALUES ("www", 2000, 9);
INSERT INTO pledges (user_id, amount, project_id) VALUES ("xxx", 2000, 2);
INSERT INTO pledges (user_id, amount, project_id) VALUES ("yyy", 3000, 4);
INSERT INTO pledges (user_id, amount, project_id) VALUES ("zzz", 4000, 1);
INSERT INTO pledges (user_id, amount, project_id) VALUES ("aaa", 1000, 7);
INSERT INTO pledges (user_id, amount, project_id) VALUES ("bbb", 2000, 5);
INSERT INTO pledges (user_id, amount, project_id) VALUES ("ccc", 3000, 6);
INSERT INTO pledges (user_id, amount, project_id) VALUES ("ddd", 4000, 10);