INSERT INTO projects (id, title, category, funding_goal, start_date, end_date) VALUES 
(1, "Cat Mansion Renovation", "Cats", 150000, "12/30/2015", "12/31/2015"),
(2, "Cat Toy Replacement", "Cats", 10000, "01/15/2016", "01/31/2016"),
(3, "Cat Food Stock-up", "Cats", 25000, "01/01/2016", "01/07/2016"),
(4, "Dog House Renovation", "Dogs", 1000000, "12/30/2015", "12/31/2015"),
(5, "Dog Toy Replacement", "Dogs", 50000, "01/01/2016", "01/15/2016"),
(6, "Dog Food Stock-up", "Dogs", 25000, "01/01/2016", "01/07/2016"),
(7, "Film Awesome Movie", "Entertainment", 250000, "02/05/2016", "02/28/2016"),
(8, "Start amazing new company", "Entrepreneurship", 175000, "01/01/2016", "01/01/2016"),
(9, "Set up new art studio", "Art", 75000, "03/01/2016", "03/22/2016"),
(10, "Make soundtrack for awesome movie", "Entertainment", 22000, "03/01/2016", "03/16/2016");

INSERT INTO users (id, name, age) VALUES 
(1, "Scotty", 9),
(2, "Teddy", 8),
(3, "Matthew", 33),
(4, "Lisa", 30),
(5, "Pan", 27),
(6, "Sarah", 26),
(7, "Melissa", 25),
(8, "Kelly", 28),
(9, "Nikki", 29),
(10, "Rita", 37),
(11, "Marissa", 34),
(12, "Alicia", 27),
(13, "Andrew", 29),
(14, "Lynn", 27),
(15, "Molly", 30),
(16, "Zach", 29),
(17, "Danielle", 32),
(18, "Jamie", 32),
(19, "Heather", 31),
(20, "Sara", 30);

INSERT INTO pledges (id, amount, user_id, project_id) VALUES
(1, 100, 1, 10),
(2, 200, 2, 9),
(3, 150, 3, 9),
(4, 100, 4, 8),
(5, 100, 5, 8),
(6, 150, 6, 8),
(7, 1000, 7, 7),
(8, 248, 8, 6),
(9, 9830, 9, 2),
(10, 28, 10, 8),
(11, 99, 11, 1),
(12, 97, 12, 2),
(13, 18, 14, 4),
(14, 1999, 15, 5),
(15, 900, 16, 6),
(16, 1000, 17, 4),
(17, 300, 19, 5),
(18, 300, 19, 6),
(19, 300, 19, 7),
(20, 300, 19, 8),
(21, 99, 11, 1),
(22, 99, 11, 2),
(23, 99, 11, 3),
(24, 99, 11, 4),
(25, 99, 11, 5),
(26, 99, 11, 6),
(27, 20, 1, 10),
(28, 20, 1, 9),
(29, 20, 1, 8),
(30, 20, 1, 7);

