INSERT INTO users (id, name, age)
  VALUES (1, 'Bob', 27);

INSERT INTO users (id, name, age)
  VALUES (2, 'Mary', 29);

INSERT INTO users (id, name, age)
  VALUES (3, 'Jack', 25);

INSERT INTO users (id, name, age)
  VALUES (4, 'Polly', 46);

INSERT INTO users (id, name, age)
  VALUES (5, 'Nick', 30);

INSERT INTO users (id, name, age)
  VALUES (6, 'Sam', 28);

INSERT INTO users (id, name, age)
  VALUES (7, 'Allen', 70);

INSERT INTO users (id, name, age)
  VALUES (8, 'Marie', 45);

INSERT INTO users (id, name, age)
  VALUES (9, 'Richard', 21);

INSERT INTO users (id, name, age)
  VALUES (10, 'Dylan', 34);

INSERT INTO users (id, name, age)
  VALUES (11, 'Tabitha', 22);

INSERT INTO users (id, name, age)
  VALUES (12, 'Derek', 56);

INSERT INTO users (id, name, age)
  VALUES (13, 'Andrea', 23);

INSERT INTO users (id, name, age)
  VALUES (14, 'Paul', 65);

INSERT INTO users (id, name, age)
  VALUES (15, 'Edward', 42);

INSERT INTO users (id, name, age)
  VALUES (16, 'Rachel', 32);

INSERT INTO users (id, name, age)
  VALUES (17, 'Alex', 33);

INSERT INTO users (id, name, age)
  VALUES (18, 'Andrew', 45);

INSERT INTO users (id, name, age)
  VALUES (19, 'Steven', 33);

INSERT INTO users (id, name, age)
  VALUES (20, 'Alisa', 33);

INSERT INTO projects (id, title, category, funding_goal, start_date, end_date)
  VALUES (1, 'Project CARS', 'Video Game', 12344555, "May 17, 2015", "December 23, 2015");

INSERT INTO projects (id, title, category, funding_goal, start_date, end_date)
  VALUES (2, 'Star Citizen', 'Video Game', 223333, "June 19, 2015", "October 23, 2015");

INSERT INTO projects (id, title, category, funding_goal, start_date, end_date)
  VALUES (3, 'The Grid', 'Website Builder', 432423444, "August 23, 2015", "November 21, 2015");

INSERT INTO projects (id, title, category, funding_goal, start_date, end_date)
  VALUES (4, 'Super Troopers 2', 'Movie', 5000000, "February 21, 2013", "December 23, 2014");

INSERT INTO projects (id, title, category, funding_goal, start_date, end_date)
  VALUES (5, 'The Micro', '3D Printer', 4555555, "August 15, 2012", "January 22, 2014");

INSERT INTO projects (id, title, category, funding_goal, start_date, end_date)
  VALUES (6, 'The Dash', 'Headphones', 223333333, "March 16, 2010", "May 18, 2012");

INSERT INTO projects (id, title, category, funding_goal, start_date, end_date)
  VALUES (7, 'Wish I Was Here', 'Movie', 66677777, "April 17, 2015", "December 23, 2015");

INSERT INTO projects (id, title, category, funding_goal, start_date, end_date)
  VALUES (8, 'Form 1', '3D Printer', 34000000, "June 19, 2011", "June 23, 2012");

INSERT INTO projects (id, title, category, funding_goal, start_date, end_date)
  VALUES (9, 'Parcel Genie', 'Gift Delivery', 4500000, "May 17, 2010", "November 11, 2012");

INSERT INTO projects (id, title, category, funding_goal, start_date, end_date)
  VALUES (10, 'Lazer Team', 'Movie', 6799999, "September 10, 2015", "January 10, 2016");

INSERT INTO pledges (id, user_id, project_id)
  VALUES (1, 2, 3);

INSERT INTO pledges (id, user_id, project_id)
  VALUES (2, 10, 6);

INSERT INTO pledges (id, user_id, project_id)
  VALUES (3, 3, 19);

INSERT INTO pledges (id, user_id, project_id)
  VALUES (4, 8, 12);

INSERT INTO pledges (id, user_id, project_id)
  VALUES (5, 6, 13);

INSERT INTO pledges (id, user_id, project_id)
  VALUES (6, 7, 10);

INSERT INTO pledges (id, user_id, project_id)
  VALUES (7, 8, 3);

INSERT INTO pledges (id, user_id, project_id)
  VALUES (8, 3, 9);

INSERT INTO pledges (id, user_id, project_id)
  VALUES (9, 2, 14);

INSERT INTO pledges (id, user_id, project_id)
  VALUES (10, 4, 16);

INSERT INTO pledges (id, user_id, project_id)
  VALUES (11, 9, 15);

INSERT INTO pledges (id, user_id, project_id)
  VALUES (12, 4, 17);

INSERT INTO pledges (id, user_id, project_id)
  VALUES (13, 2, 15);

INSERT INTO pledges (id, user_id, project_id)
  VALUES (14, 1, 13);

INSERT INTO pledges (id, user_id, project_id)
  VALUES (15, 4, 18);

INSERT INTO pledges (id, user_id, project_id)
  VALUES (16, 9, 12);

INSERT INTO pledges (id, user_id, project_id)
  VALUES (17, 2, 7);

INSERT INTO pledges (id, user_id, project_id)
  VALUES (18, 8, 17);

INSERT INTO pledges (id, user_id, project_id)
  VALUES (19, 4, 6);

INSERT INTO pledges (id, user_id, project_id)
  VALUES (20, 3, 13);

INSERT INTO pledges (id, user_id, project_id)
  VALUES (21, 4, 19);

INSERT INTO pledges (id, user_id, project_id)
  VALUES (22, 2, 5);

INSERT INTO pledges (id, user_id, project_id)
  VALUES (23, 8, 13);

INSERT INTO pledges (id, user_id, project_id)
  VALUES (24, 9, 4);

INSERT INTO pledges (id, user_id, project_id)
  VALUES (25, 4, 5);

INSERT INTO pledges (id, user_id, project_id)
  VALUES (26, 6, 7);

INSERT INTO pledges (id, user_id, project_id)
  VALUES (27, 8, 9);

INSERT INTO pledges (id, user_id, project_id)
  VALUES (28, 9, 13);

INSERT INTO pledges (id, user_id, project_id)
  VALUES (29, 7, 15);

INSERT INTO pledges (id, user_id, project_id)
  VALUES (30, 10, 4);
