INSERT INTO users (id, name, age) VALUES (1, 'Jason', 23), (2, 'Tom', 8), (3, 'Mark', 8), (4, 'Sarah', 9),
(5, 'Susie', 21), (6, 'Mary', 32), (7, 'Candy', 12), (8, 'Araceli', 25), (9, 'DeAnna', 59), (10, 'Daniel', 30),
(11, 'Voldemort', 90), (12, 'Marisa', 24), (13, 'Swizzle', 4), (14, 'Sirius', 36), (15, 'Albus', 113), (16, 'Squid', 5),
(17, 'Glenn', 57), (18, 'Bill', 65), (19, 'Ned', 60), (20, 'Kay', 48);

INSERT INTO projects (id, title, category, funding_goal, start_date, end_date) VALUES
(1, 'Help me publish a book', 'books', 250.00, '2017-12-04', '2017-12-31'),
(2, 'My trumpet fund', 'music', 700.00, '2018-01-01', '2018-01-31'),
(3, 'Fix my transmission', 'cars', 1500.00, '2017-09-01', '2017-10-31'),
(4, 'Help me pay for college', 'education', 4000.00, '2017-01-01', '2017-12-31'),
(5, 'Help me buy a car', 'cars', 8000.00, '2017-10-01', '2017-11-30'),
(6, 'Little music geniuses', 'music', 2000.00, '2017-01-01', '2017-08-31'),
(7, 'Little Eintsteins', 'education', 4000.00, '2017-11-30', '2017-12-31'),
(8, 'River Oaks Reading Club', 'books', 800.00, '2017-11-30', '2017-12-31'),
(9, 'Houston Auto Club', 'cars', 3000.00, '2017-10-01', '2017-11-30'),
(10, 'OFE Band', 'charity', 10000.00, '2017-01-01', '2017-12-31');

INSERT INTO pledges (id, amount, user_id, project_id) VALUES
(1, 10.00, 1, 2),
(2, 20.00, 1, 3),
(3, 40.00, 1, 4),
(4, 50.00, 2, 3),
(5, 10.00, 3, 2),
(6, 20.00, 4, 4),
(7, 40.00, 5, 10),
(8, 60.00, 6, 10),
(9, 50.00, 7, 9),
(10, 700.00, 8, 8),
(11, 1000.00, 8, 7),
(12, 40.00, 9, 6),
(13, 50.00, 9, 3),
(14, 50.00, 10, 4),
(15, 24.00, 12, 1),
(16, 34.00, 11, 1),
(17, 12.00, 13, 6),
(18, 19.00, 14, 5),
(19, 20.00, 15, 5),
(20, 40.00, 16, 6),
(21, 35.50, 17, 7),
(22, 40.00, 18, 8),
(23, 60.00, 19, 9),
(24, 70.00, 20, 10),
(25, 100.00, 20, 4),
(26, 40.00, 19, 1),
(27, 20.00, 18, 6),
(28, 90.00, 17, 9),
(29, 230.00, 16, 6),
(30, 450.00, 15, 5);
