INSERT INTO projects (id, title, category, funding_goal, start_date, end_date) VALUES
(1, "PTA", "Education", 200000, '2015-12-12', '2015-12-31'),
(2, "FIT", "Design", 300000, '2015-11-11', '2015-11-31'),
(3, "MBA", "Business", 1000000, '2015-10-11', '2015-12-31'),
(4, "NYU", "Colledge", 80000, '2015-09-10', '2015-09-31'),
(5, "CIA", "Detect", 10000, '2015-08-11', '2015-09-11'),
(6, "FBI", "Investigate", 20000, '2015-01-11', '2015-01-31'),
(7, "Mac", "Device", 3000, '2014-11-11', '2015-01-21'),
(8, "Apple", "Company", 400000000, '2015-04-02', '2015-05-31'),
(9, "Google", "Engine", 6000, '2015-03-22', '2015-04-21'),
(10, "Bloomburg", "finance", 400, '2015-07-07', '2015-09-12');

INSERT INTO users(id, name, age) VALUES
(1, "John", 23),
(2, "Mike", 45),
(3, "Han", 34),
(4, "Joe", 17),
(5, "Johnny", 33),
(6, "Lisa", 22),
(7, "Misa", 32),
(8, "You", 21),
(9, "Auchi", 23),
(10, "Kanata", 29),
(11, "Miu", 28),
(12, "Dau", 27),
(13, "Jay", 39),
(14, "bye", 49),
(15, "uni", 48),
(16, "ikura", 56),
(17, "chikuwa", 78),
(18, "toro", 12),
(19, "mentai", 47),
(20, "tarako", 37);

INSERT INTO pledges(id, amount, user_id, project_id) VALUES
(1, 10, 1, 2),
(2, 20, 1, 4),
(3, 30, 2, 3),
(4, 40, 2, 6),
(5, 220, 3, 7),
(6, 50, 4, 8),
(7, 70, 4, 1),
(8, 90, 5, 3),
(9, 100, 5, 5),
(10, 310, 6, 10),
(11, 90, 7, 9),
(12, 110, 8, 1),
(13, 10, 9, 2),
(14, 20, 10, 3),
(15, 30, 11, 4),
(16, 40, 11, 5),
(17, 50, 12, 6),
(18, 60, 13, 7),
(19, 80, 14, 8),
(20, 90, 15, 9),
(21, 20, 16, 10),
(22, 10, 17, 3),
(23, 15, 18, 1),
(24, 60, 18, 2),
(25, 70, 19, 3),
(26, 80, 20, 7),
(27, 20, 20, 8),
(28, 10, 12, 9),
(29, 10, 13, 5),
(30, 20, 14, 6);
