
INSERT INTO projects (id, title, category, funding_goal, start_date, end_date) VALUES
(1, 'a', 'b', 1000, '1/1/01', '1/31/01'),
(2, 'c', 'd', 2000, '2/2/02', '2/31/02'),
(3, 'e', 'f', 3000, '3/3/03', '3/31/03'),
(4, 'g', 'h', 4000, '4/4/04', '4/31/04'),
(5, 'i', 'j', 5000, '5/5/05', '5/31/05'),
(6, 'k', 'l', 6000, '6/6/06', '6/31/06'),
(7, 'm', 'n', 7000, '7/7/07', '7/31/07'),
(8, 'o', 'p', 8000, '8/8/08', '8/31/08'),
(9, 'q', 'r', 9000, '9/9/09', '9/31/09'),
(10, 's', 't', 10000, '10/10/10', '10/31/10');

INSERT INTO users (id, name, age) VALUES
(1, 'pone', 11),
(2, 'ptwo', 12),
(3, 'pthree', 13),
(4, 'pfour', 14),
(5, 'pfive', 15),
(6, 'psix', 16),
(7, 'pseven', 17),
(8, 'peight', 18),
(9, 'pnine', 19),
(10, 'pten', 20),
(11, 'pelven', 21),
(12, 'ptwelve', 22),
(13, 'pthirteen', 23),
(14, 'pfourteen', 24),
(15, 'pfifteen', 25),
(16, 'psixteen', 26),
(17, 'pseventeen', 27),
(18, 'peighteen', 28),
(19, 'pnineteen', 29),
(20, 'ptwenty', 30);

INSERT INTO pledges (id, amount, user_id, project_id) VALUES
(1, 100, 1, 1),
(2, 200, 2, 1),
(3, 300, 2, 1),
(4, 400, 3, 2),
(5, 500, 4, 2),
(6, 600, 4, 2),
(7, 700, 5, 3),
(8, 800, 6, 3),
(9, 900, 6, 3),
(10, 1000, 7, 4),
(11, 1100, 8, 4),
(12, 1200, 8, 4),
(13, 1300, 9, 5),
(14, 1400, 10, 5),
(15, 1500, 10, 5),
(16, 1600, 11, 6),
(17, 1700, 12, 6),
(18, 1800, 12, 6),
(19, 1900, 13, 7),
(20, 2000, 14, 7),
(21, 2100, 14, 7),
(22, 2200, 15, 8),
(23, 2300, 16, 8),
(24, 2400, 16, 8),
(25, 2500, 17, 9),
(26, 2600, 18, 9),
(27, 2700, 18, 9),
(28, 2800, 19, 10),
(29, 2900, 20, 10),
(30, 3000, 20, 10);

