INSERT INTO projects (id, title, category, funding_goal, start_date, end_date) VALUES 
(1, "Electric Chopsticks", "Food", 100000, "January 2nd, 2019", "June 8th, 2019"), 
(2, "Gurren Lagann", "Robot", 10000000, "June 28th, 2025", "March 1st, 2050"),          
(3, "Gundam Wing","Robot", 555000000, "June 28th, 2035", "March 1st, 2060"),
(4, "Power Rangers Suit","Cosplay", 375000, "June 28th, 2022", "March 1st, 2040"),
(5, "Magic 8 Ball", "Magic", 40000, "June 28th, 2018", "March 1st, 2019"),
(6, "Refillable Lemonade", "Magic", 1000, "June 28th, 2020", "March 1st, 2021"),
(7, "Procedurally Generated Music", "Music", 120000, "June 28th, 2027", "March 1st, 2030"),
(8, "Mega Zord", "Robot", 4000000000, "June 28th, 2025", "March 1st, 2050"),
(9, "Magical Broom","Magic", 10000000, "June 28th, 2054", "March 1st, 2058"),             
(10, "Talking Dog","Magic", 4723400, "June 28th, 2025", "March 1st, 2050");   

INSERT INTO users (id, name, age) VALUES
(1, "Abby", 20),
(2, "Rihanna", 27),
(3, "Jennifer", 22),
(4, "Jeremy", 23),
(5, "Sara", 26),
(6, "August", 24),
(7, "Eric", 22),
(8, "Ronny", 88),
(9, "Erik", 40),
(10, "Jonathan", 23),
(11, "Edward", 22),
(12, "Michael", 23),
(13, "Ariel", 49),
(14, "Erica", 55),
(15, "Chi Chi", 26),
(16, "Devin", 19),
(17, "Victoria", 26),
(18, "Evelyn", 27),
(19, "Fanta", 42),
(20, "Cheryl", 24);

INSERT INTO pledges (id, amount, user_id, project_id) VALUES
(1,1,1,1),
(2,2,2,2),
(3,3,3,3),
(4,4,4,4),
(5,5,5,5),
(6,6,6,6),
(7,7,7,7),
(8,8,8,8),
(9,9,9,9),
(10,10,10,1),
(11,11,11,1),
(12,12,12,2),
(13,13,13,3),
(14,14,14,4),
(15,15,15,5),
(16,16,16,6),
(17,17,17,7),
(18,18,18,8),
(19,19,19,9),
(20,20,1,2),
(21,21,1,2),
(22,22,1,2),
(23,23,1,2),
(24,24,1,2),
(25,25,1,2),
(26,26,1,2),
(27,27,1,2),
(28,28,1,2),
(29,29,1,2),
(30,30,1,3);