INSERT INTO users (id, name, age) VALUES (1, 'Alex', 20), (2, 'Beth', 30), (3, 'Cary', 25), (4, 'Dani', 38),
(5, 'Ethan', 25), (6, 'Finn', 23), (7, 'Gerald', 40), (8, 'Hugh', 39), (9, 'Inez', 27), (10, 'Jack', 33),
(11, 'Kay', 42), (12, 'Lincoln', 23), (13, 'Morgan', 31), (14, 'Nate', 29), (15, 'Omar', 22), (16, 'Penelope', 19),
(17, 'Quincey', 37), (18, 'Robb', 25), (19, 'Shawn', 27), (20, 'Teagan', 22);

INSERT INTO projects (id, title, category, funding_goal, start_date, end_date) VALUES
(1, 'Save the elephants', 'animals', 25000, '10.12.2011', '10.12.2012'),
(2, 'Save the whales', 'animals', 5000, '10.14.2015', '3.14.2017'),
(3, 'Save the polar bears', 'animals', 10000, '9.2.2010', '8.11.2022'),
(4, 'Save the monkeys', 'animals', 800, '6.28.2000', '6.4.2004'),
(5, 'Save the sharks', 'animals', 14500, '3.4.1978', '9.9.1998'),
(6, 'Save the komodo dragons', 'animals', 7000, '5.3.1999', '3.17.2001'),
(7, 'Save the lemurs', 'animals', 3500, '8.22.2011', '4.14.2013'),
(8, 'Save the ligers', 'animals', 6000, '9.30.2014', '5.16.2018'),
(9, 'Save the manatees', 'animals', 12000, '2.21.2014', '3.4.2018'),
(10, 'Save the world', 'humanity', 350000, '1.4.2010', '1.1.2050');

INSERT INTO pledges (id, amount, user_id, project_id) VALUES
(1, 10, 3, 11),
(2, 20, 4, 30),
(3, 30, 8, 19),
(4, 40, 16, 12),
(5, 50, 12, 1),
(6, 60, 20, 1),
(7, 70, 19, 4),
(8, 80, 1, 17),
(9, 90, 3, 28),
(10, 10, 2, 29),
(11, 20, 2, 20),
(12, 30, 6, 30),
(13, 40, 7, 26),
(14, 50, 14, 22),
(15, 60, 15, 3),
(16, 70, 18, 15),
(17, 80, 18, 11),
(18, 90, 17, 14),
(19, 10, 2, 20),
(20, 20, 20, 21),
(21, 30, 17, 23),
(22, 40, 1, 16),
(23, 50, 5, 19),
(24, 60, 4, 1),
(25, 70, 7, 12),
(26, 80, 17, 5),
(27, 90, 13, 15),
(28, 10, 19, 24),
(29, 20, 15, 29),
(30, 30, 20, 30);
