INSERT INTO projects (id, title, category, funding_goal, start_date, end_date)
VALUES (1, "Trip to Europe", "travel", 2000, 06-22-2018, 08-22-2018),
       (2, "Diet Plan", "fitness", 2400, 03-01-2018, 03-05-2018),
       (3, "Basketball Camp", "fitness", 3000, 05-15-2018, 07-30-2015),
       (4, "Trip to L.A", "travel", 800, 04-12-2018, 04-18-2018),
       (5, "Take Driving Classes", "education", 600, 05-01-2018, 05-10-2018),
       (6, "Yoga Retreat", "spiritual", 1000, 09-01-2018, 09-08-2018),
       (7, "Transcendental Meditation Course", "spiritual", 1500, 06-01-2018, 06-08-2018),
       (8, "Business Seminar", "education", 4000, 08-23-2018, 08-24-2018),
       (9, "Trip to Peru", "travel", 3000, 11-01-2018, 11-10-2018),
       (10, "Buy A Bench Press", "fitness", 500, 02-15-2018, 02-15-2018);

INSERT INTO users (id, name, age) VALUES
(1, "Max", 28),
(2, "Jonny", 28),
(3, "Katia", 26),
(4, "Antonia", 25),
(5, "Trina", 27),
(6, "Hugo", 29),
(7, "Graham", 24),
(8, "Fred", 57),
(9, "Sally", 63),
(10, "Morgan", 27),
(11, "Olivia", 30),
(12, "Trinty", 8),
(13, "Ricky", 30),
(14, "Mr. Lahey", 72),
(15, "Dwayne Johnson", 46),
(16, "Vince McMahon", 70),
(17, "Paul Lavesque", 60),
(18, "Snoop Dogg", 50),
(19, "Randy", 32),
(20, "LeBron", 33);

INSERT INTO pledges (id, user_id, project_id, amount) VALUES
(1, 10, 3, 10),
(2, 11, 2, 20),
(3, 12, 1, 30),
(4, 13, 10, 40),
(5, 14, 9, 100),
(6, 15, 8, 90),
(7, 16, 7, 100),
(8, 17, 6, 10),
(9, 18, 5, 20),
(10, 19, 4, 30),
(11, 20, 3, 300),
(12, 1, 2, 100),
(13, 2, 1, 50),
(14, 3, 5, 200),
(15, 4, 8, 100),
(16, 5, 1, 50),
(17, 6, 4, 300),
(18, 7, 7, 200),
(19, 8, 10, 100),
(20, 9, 3, 200),
(21, 10, 6, 300),
(22, 11, 9, 100),
(23, 12, 2, 100),
(24, 13 ,5, 200),
(25, 14, 8, 400),
(26, 15, 1, 400),
(27, 16, 4, 100),
(28, 17, 7, 100),
(29, 18, 10, 100),
(30, 19, 3, 100);
