
INSERT INTO projects (id, title, category, funding_goal, start_date, end_date) VALUES
(1, "Buy a book", "books", 50, "2017-03-01", "2017-05-01" ),
(2, "Buy drums", "music", 400, "2017-03-05", "2017-05-05" ),
(3, "Buy two books", "books", 100, "2017-03-11", "2017-05-11" ),
(4, "Buy a guitar", "music", 700, "2017-03-12", "2017-05-12" ),
(5, "Buy a car", "transport", 10000, "2017-03-20", "2017-05-20" ),
(6, "Buy a motorbike", "transport", 2500, "2017-03-21", "2017-05-21" ),
(7, "Buy a library", "books", 100000, "2017-03-22", "2017-05-22" ),
(8, "Buy a bus", "transport", 50000, "2017-03-23", "2017-05-23" ),
(9, "Buy a saxophone", "music", 2000, "2017-03-24", "2017-05-24" ),
(10, "Buy a flute", "music", 2500, "2017-03-25", "2017-05-25" );

INSERT INTO users (id, name, age) VALUES
(1, "Mary", 20),
(2, "Fred", 21),
(3, "Paul", 22),
(4, "Pam", 23),
(5, "Liz", 24),
(6, "Megan", 25),
(7, "Mark", 26),
(8, "Tom", 27),
(9, "David", 28),
(10, "Naomi", 29),
(11, "Nic", 20),
(12, "Karl", 21),
(13, "May", 22),
(14, "Bob", 23),
(15, "Flora", 20),
(16, "Greg", 21),
(17, "Helen", 22),
(18, "Floss", 23),
(19, "Larry", 24),
(20, "Louise", 25);


INSERT INTO pledges (id, amount, user_id, project_id) VALUES
(1, 20, 1, 1),
(2, 50, 2, 3),
(3, 30, 3, 2),
(4, 20, 4, 10),
(5, 20, 1, 2),
(6, 40, 5, 9),
(7, 20, 6, 8),
(8, 60, 7, 7),
(9, 80, 3, 10),
(10, 20, 8, 3),
(11, 30, 1, 4),
(12, 50, 9, 7),
(13, 20, 10, 8),
(14, 20, 11, 5),
(15, 20, 12, 7),
(16, 20, 13, 2),
(17, 30, 14, 8),
(18, 80, 15, 10),
(19, 100, 16, 9),
(20, 200, 17, 8),
(21, 200, 18, 7),
(22, 300, 19, 7),
(23, 50, 20, 4),
(24, 20, 17, 8),
(25, 50, 13, 4),
(26, 200, 12, 7),
(27, 40, 8, 3),
(28, 20, 11, 8),
(29, 200, 12, 9),
(30, 100, 7, 10);
