INSERT INTO users (id, name, age) VALUES (1, "Sam", 25);
INSERT INTO users (id, name, age) VALUES (2, "Sarah", 28);
INSERT INTO users (id, name, age) VALUES (3, "Beth", 55);
INSERT INTO users (id, name, age) VALUES (4, "Julie", 15);
INSERT INTO users (id, name, age) VALUES (5, "Joe", 19);
INSERT INTO users (id, name, age) VALUES (6, "Bob", 47);
INSERT INTO users (id, name, age) VALUES (7, "Mary", 45);
INSERT INTO users (id, name, age) VALUES (8, "Beatrice", 61);
INSERT INTO users (id, name, age) VALUES (9, "Laura", 33);
INSERT INTO users (id, name, age) VALUES (10, "Alex", 35);
INSERT INTO users (id, name, age) VALUES (11, "Sheryl", 21);
INSERT INTO users (id, name, age) VALUES (12, "Morris", 35);
INSERT INTO users (id, name, age) VALUES (13, "Molly", 54);
INSERT INTO users (id, name, age) VALUES (14, "Claire", 14);
INSERT INTO users (id, name, age) VALUES (15, "Martha", 49);
INSERT INTO users (id, name, age) VALUES (16, "Billy", 24);
INSERT INTO users (id, name, age) VALUES (17, "Ryan", 67);
INSERT INTO users (id, name, age) VALUES (18, "Maddy", 36);
INSERT INTO users (id, name, age) VALUES (19, "Theo", 57);
INSERT INTO users (id, name, age) VALUES (20, "Will", 17);

INSERT INTO projects (id, title, category, funding_goal, start_date, end_date) VALUES (1, "A", "Tech", 1000000, 2017-10-12, 2018-04-04), (2, "B", "Education", 2000000, 2016-11-29, 2017-01-07), (3, "C", "Education", 500000, 2018-02-02, 2018-04-07), (4, "D", "Energy", 15000000, 2015-01-19, 2017-02-02), (5, "E", "Tech", 200000, 2016-06-18, 2017-05-27), (6, "F", "Development", 14000000, 2014-10-13, 2015-11-17), (7, "G", "Energy", 700000, 2012-01-14, 2015-11-17), (8, "H", "Development", 5000000, 2017-12-19, 2019-03-07), (9, "I", "Education", 1200000, 2014-08-16, 2017-07-01), (10, "J", "Tech", 10000, 2012-10-19, 2013-09-16);

INSERT INTO pledges (id, amount, user_id, project_id) VALUES (1, 20, 12, 2)
INSERT INTO pledges (id, amount, user_id, project_id) VALUES (2, 200, 1, 8)
INSERT INTO pledges (id, amount, user_id, project_id) VALUES (3, 50, 10, 9)
INSERT INTO pledges (id, amount, user_id, project_id) VALUES (4, 1000, 6, 6)
INSERT INTO pledges (id, amount, user_id, project_id) VALUES (5, 160, 4, 4)
INSERT INTO pledges (id, amount, user_id, project_id) VALUES (6, 120, 5, 5)
INSERT INTO pledges (id, amount, user_id, project_id) VALUES (7, 180, 3, 2)
INSERT INTO pledges (id, amount, user_id, project_id) VALUES (8, 160, 4, 4)
INSERT INTO pledges (id, amount, user_id, project_id) VALUES (9, 9000, 14, 7)
INSERT INTO pledges (id, amount, user_id, project_id) VALUES (10, 400, 13, 6)
INSERT INTO pledges (id, amount, user_id, project_id) VALUES (11, 8000, 20, 6)
INSERT INTO pledges (id, amount, user_id, project_id) VALUES (12, 1900, 1, 4)
INSERT INTO pledges (id, amount, user_id, project_id) VALUES (13, 1090, 19, 1)
INSERT INTO pledges (id, amount, user_id, project_id) VALUES (14, 1000, 6, 6)
INSERT INTO pledges (id, amount, user_id, project_id) VALUES (15, 100, 16, 4)
INSERT INTO pledges (id, amount, user_id, project_id) VALUES (16, 2000, 9, 8)
INSERT INTO pledges (id, amount, user_id, project_id) VALUES (17, 100, 5, 5)
INSERT INTO pledges (id, amount, user_id, project_id) VALUES (18, 1700, 17, 1)
INSERT INTO pledges (id, amount, user_id, project_id) VALUES (19, 1900, 18, 1)
INSERT INTO pledges (id, amount, user_id, project_id) VALUES (20, 2100, 18, 6)
INSERT INTO pledges (id, amount, user_id, project_id) VALUES (21, 1600, 3, 2)
INSERT INTO pledges (id, amount, user_id, project_id) VALUES (22, 1900, 13, 1)
INSERT INTO pledges (id, amount, user_id, project_id) VALUES (23, 2100, 15, 5)
INSERT INTO pledges (id, amount, user_id, project_id) VALUES (24, 1080, 7, 6)
INSERT INTO pledges (id, amount, user_id, project_id) VALUES (25, 100, 5, 1)
INSERT INTO pledges (id, amount, user_id, project_id) VALUES (26, 2120, 6, 1)
INSERT INTO pledges (id, amount, user_id, project_id) VALUES (27, 1200, 10, 9)
INSERT INTO pledges (id, amount, user_id, project_id) VALUES (28, 100, 5, 3)
INSERT INTO pledges (id, amount, user_id, project_id) VALUES (29, 100, 15, 2)
INSERT INTO pledges (id, amount, user_id, project_id) VALUES (30, 100, 16, 4)