INSERT INTO projects (id, title, category, funding_goal, start_date, end_date) VALUES (1, "Proj 1", "Stuff", 10000, 01012016, 01012017);
INSERT INTO projects (id, title, category, funding_goal, start_date, end_date) VALUES (2, "Proj 2", "Stuff", 20000, 01012016, 01012017);
INSERT INTO projects (id, title, category, funding_goal, start_date, end_date) VALUES (3, "Proj 3", "Stuff", 30000, 01012016, 01012017);
INSERT INTO projects (id, title, category, funding_goal, start_date, end_date) VALUES (4, "Proj 4", "Stuff", 40000, 01012016, 01012017);
INSERT INTO projects (id, title, category, funding_goal, start_date, end_date) VALUES (5, "Proj 5", "Stuff", 50000, 01012016, 01012017);
INSERT INTO projects (id, title, category, funding_goal, start_date, end_date) VALUES (6, "Proj 6", "Stuff", 60000, 01012016, 01012017);
INSERT INTO projects (id, title, category, funding_goal, start_date, end_date) VALUES (7, "Proj 7", "Stuff", 70000, 01012016, 01012017);
INSERT INTO projects (id, title, category, funding_goal, start_date, end_date) VALUES (8, "Proj 8", "Stuff", 80000, 01012016, 01012017);
INSERT INTO projects (id, title, category, funding_goal, start_date, end_date) VALUES (9, "Proj 9", "Stuff", 90000, 01012016, 01012017);
INSERT INTO projects (id, title, category, funding_goal, start_date, end_date) VALUES (10, "Proj 10", "Stuff", 100000, 01012016, 01012017);

INSERT INTO users (id, name, age) VALUES (1, "A", 1);
INSERT INTO users (id, name, age) VALUES (2, "B", 2);
INSERT INTO users (id, name, age) VALUES (3, "C", 3);
INSERT INTO users (id, name, age) VALUES (4, "D", 4);
INSERT INTO users (id, name, age) VALUES (5, "E", 5);
INSERT INTO users (id, name, age) VALUES (6, "F", 6);
INSERT INTO users (id, name, age) VALUES (7, "G", 7);
INSERT INTO users (id, name, age) VALUES (8, "H", 8);
INSERT INTO users (id, name, age) VALUES (9, "I", 9);
INSERT INTO users (id, name, age) VALUES (10, "J", 10);
INSERT INTO users (id, name, age) VALUES (11, "K", 11);
INSERT INTO users (id, name, age) VALUES (12, "L", 12);
INSERT INTO users (id, name, age) VALUES (13, "M", 13);
INSERT INTO users (id, name, age) VALUES (14, "N", 14);
INSERT INTO users (id, name, age) VALUES (15, "O", 15);
INSERT INTO users (id, name, age) VALUES (16, "P", 16);
INSERT INTO users (id, name, age) VALUES (17, "Q", 17);
INSERT INTO users (id, name, age) VALUES (18, "R", 18);
INSERT INTO users (id, name, age) VALUES (19, "S", 19);
INSERT INTO users (id, name, age) VALUES (20, "T", 20);

INSERT INTO pledges (id, amount, user_id, project_id) VALUES (1, 1, 1, 1);
INSERT INTO pledges (id, amount, user_id, project_id) VALUES (2, 2, 2, 2);
INSERT INTO pledges (id, amount, user_id, project_id) VALUES (3, 3, 3, 3);
INSERT INTO pledges (id, amount, user_id, project_id) VALUES (4, 4, 4, 4);
INSERT INTO pledges (id, amount, user_id, project_id) VALUES (5, 5, 5, 5);
INSERT INTO pledges (id, amount, user_id, project_id) VALUES (6, 6, 6, 6);
INSERT INTO pledges (id, amount, user_id, project_id) VALUES (7, 7, 7, 7);
INSERT INTO pledges (id, amount, user_id, project_id) VALUES (8, 8, 8, 8);
INSERT INTO pledges (id, amount, user_id, project_id) VALUES (9, 9, 9, 9);
INSERT INTO pledges (id, amount, user_id, project_id) VALUES (10, 10, 10, 10);
INSERT INTO pledges (id, amount, user_id, project_id) VALUES (11, 1, 1, 1);
INSERT INTO pledges (id, amount, user_id, project_id) VALUES (12, 2, 2, 2);
INSERT INTO pledges (id, amount, user_id, project_id) VALUES (13, 3, 3, 3);
INSERT INTO pledges (id, amount, user_id, project_id) VALUES (14, 4, 4, 4);
INSERT INTO pledges (id, amount, user_id, project_id) VALUES (15, 5, 5, 5);
INSERT INTO pledges (id, amount, user_id, project_id) VALUES (16, 6, 6, 6);
INSERT INTO pledges (id, amount, user_id, project_id) VALUES (17, 7, 7, 7);
INSERT INTO pledges (id, amount, user_id, project_id) VALUES (18, 8, 8, 8);
INSERT INTO pledges (id, amount, user_id, project_id) VALUES (19, 9, 9, 9);
INSERT INTO pledges (id, amount, user_id, project_id) VALUES (20, 10, 10, 10);
INSERT INTO pledges (id, amount, user_id, project_id) VALUES (21, 1, 1, 1);
INSERT INTO pledges (id, amount, user_id, project_id) VALUES (22, 2, 2, 2);
INSERT INTO pledges (id, amount, user_id, project_id) VALUES (23, 3, 3, 3);
INSERT INTO pledges (id, amount, user_id, project_id) VALUES (24, 4, 4, 4);
INSERT INTO pledges (id, amount, user_id, project_id) VALUES (25, 5, 5, 5);
INSERT INTO pledges (id, amount, user_id, project_id) VALUES (26, 6, 6, 6);
INSERT INTO pledges (id, amount, user_id, project_id) VALUES (27, 7, 7, 7);
INSERT INTO pledges (id, amount, user_id, project_id) VALUES (28, 8, 8, 8);
INSERT INTO pledges (id, amount, user_id, project_id) VALUES (29, 9, 9, 9);
INSERT INTO pledges (id, amount, user_id, project_id) VALUES (30, 10, 10, 10);