INSERT INTO projects (id, title, category, funding_goal, start_date, end_date) VALUES
(1, "In need of piano repair", "music", 600.00, "2017-11-03", "2017-11-15"),
(2, "Animal shelter needs dog food", "charity", 500.00, "2017-11-10", "2017-12-15"),
(3, "School needs computers", "charity", 3600.00, "2017-12-05", "2017-12-15"),
(4, "Cat needs a home", "charity", 400.00, "2017-11-21", "2017-11-30"),
(5, "Need a guitar", "music", 1000.00, "2017-12-01", "2017-13-25"),
(6, "Save the dogs", "charity", 3000.00, "2017-11-03", "2017-11-15"),
(7, "Library needs books", "charity", 500.00, "2017-12-03", "2017-12-31"),
(8, "Help in funding for my wedding dress", "charity", 2650.00, "2017-11-03", "2017-12-31"),
(9, "In need of violin repair", "charity", 700.00, "2017-11-03", "2018-01-15"),
(10, "Help feed the homeless", "charity", 600.00, "2017-11-10", "2018-01-15");

INSERT INTO users (id, name, age) VALUES
(1, "Ray", 31), (2, "Bob", 45), (3, "Katie", 52), (4, "Sara", 37), (5, "Larry", 45), (6, "Lisa", 36), (7, "Paul", 31), (8, "Philip", 39), (9, "Anne", 28),
(10, "Bryan", 40), (11, "Sally", 50), (12, "David", 55), (13, "Tiffany", 56), (14, "Donald", 60), (15, "Mickey", 61), (16, "Minnie", 61), (17, "Pluto", 50),
(18, "Goofy", 55), (19, "Nora", 60), (20, "George", 34);


INSERT INTO pledges (id, amount, user_id, project_id) VALUES
(1, 20.00, 13, 10), (2, 500.00, 20, 5), (3, 400.00, 5, 6), (4, 100.00, 3, 1), (5, 150.00, 17, 6),
(6, 220.00, 14, 4), (7, 150.00, 19, 10), (8, 30.00, 11, 3), (9, 350.00, 7, 2), (10, 50.00, 1, 1),
(11, 90.00, 4, 2), (12, 100.00, 11, 10), (13, 70.00, 5, 3),(14, 45.00, 7, 7), (15, 60.00, 2, 9),
(16, 30.00, 12, 9), (17, 220.00, 15, 5), (18, 20.00, 4, 4), (19, 50.00, 10, 10), (20, 50.00, 17, 6),
(21, 150.00, 18, 7), (22, 200.00, 14, 8), (23, 300.00, 15, 8), (24, 100.00, 6, 3), (25, 550.00, 3, 3),
(26, 400.00, 2, 3), (27, 100.00, 10, 2), (28, 30.00, 18, 2), (29, 35.00, 11, 2), (30, 40.00, 15, 9);
