INSERT INTO users (id, name, age) VALUES (1, "Zoey", 32);
INSERT INTO users (id, name, age) VALUES (2, "Joey", 31);
INSERT INTO users (id, name, age) VALUES (3, "Flo", 30);
INSERT INTO users (id, name, age) VALUES (4, "Brian", 29);
INSERT INTO users (id, name, age) VALUES (5, "Dino", 28);
INSERT INTO users (id, name, age) VALUES (6, "Sochi", 27);
INSERT INTO users (id, name, age) VALUES (7, "Kannon", 33);
INSERT INTO users (id, name, age) VALUES (8, "Esper", 34);
INSERT INTO users (id, name, age) VALUES (9, "Pauline", 35);
INSERT INTO users (id, name, age) VALUES (10, "Jen", 36);
INSERT INTO users (id, name, age) VALUES (11, "Paul", 33);
INSERT INTO users (id, name, age) VALUES (12, "Kev", 56);
INSERT INTO users (id, name, age) VALUES (13, "Kevin", 32);
INSERT INTO users (id, name, age) VALUES (14, "Vince", 64);
INSERT INTO users (id, name, age) VALUES (15, "Louise", 32);
INSERT INTO users (id, name, age) VALUES (16, "Joseph", 32);
INSERT INTO users (id, name, age) VALUES (17, "Michalina", 18);
INSERT INTO users (id, name, age) VALUES (18, "Zenner", 32);
INSERT INTO users (id, name, age) VALUES (19, "Xena", 32);
INSERT INTO users (id, name, age) VALUES (20, "Sabine", 45);

INSERT INTO projects (id, title, category, funding_goal, start_date, end_date) VALUES (1, "8static", "music", "11000", 2016-01-01, 2016-02-01);
INSERT INTO projects (id, title, category, funding_goal, start_date, end_date) VALUES (2, "iRobot", "product", "64000", 2016-06-21, 2016-06-21);
INSERT INTO projects (id, title, category, funding_goal, start_date, end_date) VALUES (3, "Cinco Chair", "product", "100000", 2017-01-01, 2016-02-01);
INSERT INTO projects (id, title, category, funding_goal, start_date, end_date) VALUES (4, "Cinco Hat", "product", "99999", 2015-04-01, 2016-05-01);
INSERT INTO projects (id, title, category, funding_goal, start_date, end_date) VALUES (5, "Imagos", "video games", "50000", 2017-05-01, 2016-06-01);
INSERT INTO projects (id, title, category, funding_goal, start_date, end_date) VALUES (6, "Star Mazer", "video games", "62000", 2016-09-01, 2016-20-01);
INSERT INTO projects (id, title, category, funding_goal, start_date, end_date) VALUES (7, "RCRU", "video games", "41000", 2016-01-01, 2016-02-01);
INSERT INTO projects (id, title, category, funding_goal, start_date, end_date) VALUES (8, "Shovel Knight", "video games", "50000", 2014-04-01, 2016-05-01);
INSERT INTO projects (id, title, category, funding_goal, start_date, end_date) VALUES (9, "Pulsewave", "music", "5000", 2017-01-01, 2016-02-01);
INSERT INTO projects (id, title, category, funding_goal, start_date, end_date) VALUES (10, "Jam Zone", "music", "21000", 2014-01-01, 2016-02-01);

INSERT INTO pledges (id, amount, user_id, project_id) VALUES (1, "20", 1, 10), (2, "100", 2, 9), (3, "150", 3, 8), (4, "20", 4, 7),
(5, "30", 5, 6),(6, "20", 6, 5),(7, "25", 7, 4),(8, "26", 8, 3),(9, "85", 9, 2),(10, "285", 10, 1),(11, "15", 11, 10),(12, "5", 12, 9),(13, "19", 13, 8),(14, "22", 14, 7),(15, "1337", 15, 6),(16, "500", 16, 5),(17, "28", 17, 4),(18, "34", 18, 3),(19, "5", 19, 2),(20, "6", 20, 1),(21, "99", 1, 10),(22, "101", 2, 9),(23, "68", 3, 8),(24, "46", 4, 7),(25, "35", 5, 6),(26, "98", 6, 5),(27, "458", 7, 4),(28, "20", 8, 3),(29, "33", 9, 2),(30, "94", 10, 1);
