INSERT INTO projects (id, title, category, funding_goal, start_date, end_date) VALUES
(1, "Title 1", "Category 1", 10000, "06/31/17", "12/31/17"),
(2, "Title 2", "Category 2", 11000, "09/31/17", "12/31/17"),
(3, "Title 3", "Category 3", 12500, "10/31/17", "12/31/17"),
(4, "Title 4", "Category 3", 1600, "05/31/17", "12/31/17"),
(5, "Title 5", "Category 3", 100, "01/31/17", "12/31/17"),
(6, "Title 6", "Category 1", 300, "08/31/17", "12/31/17"),
(7, "Title 7", "Category 1", 1000, "08/31/17", "12/31/17"),
(8, "Title 8", "Category 2", 11500, "02/31/17", "12/31/17"),
(9, "Title 9", "Category 1", 20000, "03/31/17", "12/31/17"),
(10, "Title 10", "Category 2", 100000, "04/31/17", "12/31/17");

INSERT INTO users (id, name, age) VALUES
(1,"Sam", 74),
(2, "Sammy", 60),
(3, "Pam", 16),
(4, "Cam", 48),
(5, "Ham", 44),
(6, "Tammy", 32),
(7, "Yam", 37),
(8, "Rich", 70),
(9, "Swetz", 49),
(10, "LeDawn", 39),
(11, "Bobby", 28),
(12, "Bob", 28),
(13, "Tim", 29),
(14, "Tom", 27),
(15, "Tam", 17),
(16, "Lippy-Do", 22),
(17, "Rodrigo", 23),
(18, "What", 36),
(19, "Who", 35),
(20, "Slim Shady", 24);

INSERT INTO pledges (id, amount, user_id, project_id) VALUES
(1, 10.00, 1, 2),
(2, 20.00, 1, 3),
(3, 40.00, 1, 4),
(4, 50.00, 2, 3),
(5, 10.00, 3, 2),
(6, 20.00, 4, 4),
(7, 40.00, 5, 10),
(8, 60.00, 6, 10),
(9, 50.00, 7, 9),
(10, 700.00, 8, 8),
(11, 1000.00, 8, 7),
(12, 40.00, 9, 6),
(13, 50.00, 9, 3),
(14, 50.00, 10, 4),
(15, 24.00, 12, 1),
(16, 34.00, 11, 1),
(17, 12.00, 13, 6),
(18, 19.00, 14, 5),
(19, 20.00, 15, 5),
(20, 40.00, 16, 6),
(21, 35.50, 17, 7),
(22, 40.00, 18, 8),
(23, 60.00, 19, 9),
(24, 70.00, 20, 10),
(25, 100.00, 20, 4),
(26, 40.00, 19, 1),
(27, 20.00, 18, 6),
(28, 90.00, 17, 9),
(29, 230.00, 16, 6),
(30, 450.00, 15, 5);
