INSERT INTO users (id, name, age) VALUES
(1, 'Emma', 50),
(2, 'Noah', 24),
(3, 'Liam', 41),
(4, 'Olivia', 37),
(5, 'Ava', 75),
(6, 'Ethan', 28),
(7, 'Mason', 94),
(8, 'Sophia', 39),
(9, 'Lucas', 80),
(10, 'Mia', 22),
(11, 'Isabella', 45),
(12, 'Oliver', 36),
(13, 'Aiden', 99),
(14, 'Charlotte', 22),
(15, 'Amelia', 33),
(16, 'Elijah', 44),
(17, 'Harper', 53),
(18, 'James', 56),
(19, 'Ben', 24),
(20, 'Emily', 52);

INSERT INTO projects (id, title, category, funding_goal, start_date, end_date) VALUES
(1, 'Buy a motorcycle', 'charity', 500.00, '2017-06-30', '2019-07-30'),
(2, 'Rebuild house', 'charity', 20.00, '2017-01-01', '2025-01-01'),
(3, 'The Well Grounded Rubyist', 'books', 30.00, '2017-05-30', '2017-05-30'),
(4, 'I want some pancakes', 'food', 20.00, '2013-03-14', '2017-06-30'),
(5, 'Robotic Prostetic', 'charity', 6000.00, '2017-12-30', '2018-12-30'),
(6, 'New computer', 'electronics', 2000.00, '2017-12-30', '2018-12-30'),
(7, 'Food for homeless shelter', 'food', 2000.00, '22017-10-02', '2017-10-30'),
(8, 'Ocean research', 'science', 20000.00, '2017-06-30', '2017-06-31'),
(9, 'Trip to mars', 'science', 300000.00, '2017-06-30', '2017-09-30'),
(10, 'Coding bootcamp', 'education', 5000.00, '2017-03-20', '2017-06-30');

INSERT INTO pledges (id, amount, user_id, project_id) VALUES
(1, 10.00, 1, 2),
(2, 20.00, 2, 3),
(3, 40.00, 3, 4),
(4, 50.00, 4, 3),
(5, 10.00, 5, 2),
(6, 20.00, 6, 4),
(7, 40.00, 7, 10),
(8, 60.00, 8, 10),
(9, 50.00, 9, 9),
(10, 700.00, 10, 8),
(11, 1000.00, 11, 7),
(12, 40.00, 12, 6),
(13, 50.00, 13, 3),
(14, 50.00, 15, 4),
(15, 24.00, 16, 1),
(16, 34.00, 17, 1),
(17, 12.00, 18, 6),
(18, 19.00, 19, 5),
(19, 20.00, 20, 5),
(20, 40.00, 2, 6),
(21, 35.50, 4, 7),
(22, 40.00, 6, 8),
(23, 60.00, 8, 9),
(24, 70.00, 1, 10),
(25, 100.00, 3, 4),
(26, 40.00, 5, 1),
(27, 20.00, 7, 6),
(28, 90.00, 9, 9),
(29, 230.00, 11, 6),
(30, 450.00, 12, 5);
