INSERT INTO users (id, name, age) VALUES (1, 'Eugene', 38), (2, 'Aaron', 5), (3, 'Fisherman', 2), (4, 'Owen', 72),
(5, 'Wilson', 28), (6, 'Chair', 22), (7, 'Jose', 17), (8, 'Secret', 44), (9, 'Jess', 10), (10, 'Jerry', 13),
(11, 'Liam', 20), (12, 'Ball', 19), (13, 'Jason', 33), (14, 'Android', 99), (15, 'Beta', 4), (16, 'Stupid', 31),
(17, 'Lily', 77), (18, 'Snowwhite', 150), (19, 'Sarang', 8), (20, 'Jinyoung', 30);





INSERT INTO projects (id, title, category, funding_goal, start_date, end_date) VALUES
(1, 'Aaron meets mom', 'charity', 120.00, '2012-08-01', '2012-08-15'),
(2, 'Lily and Liam', 'playground', 31.00, '2017-09-09', '2017-09-10'),
(3, 'Sea and Old man', 'books', 100.00, '2014-02-30', '2014-09-22'),
(4, 'Pretty Woman', 'movie', 1000.00, '2010-02-01', '2011-08-30'),
(5, 'You are my sunshine', 'music', 12000.00, '2016-11-15', '2016-12-25'),
(6, 'Indiana Johnson', 'movie', 20.00, '2000-10-30', '2009-11-30'),
(7, 'Help me', 'charity', 12000.00, '2017-06-03', '2017-07-30'),
(8, 'Pre K Tool box', 'charity', 500.00, '2016-04-30', '2016-09-05'),
(9, 'Fun and Study', 'charity', 2200.00, '2013-07-30', '2013-08-30'),
(10, 'WNYC Radio', 'charity', 15000.00, '2017-03-20', '2017-08-30');

INSERT INTO pledges (id, amount, user_id, project_id) VALUES
(1, 10.00, 1, 4),
(2, 20.00, 1, 5),
(3, 40.00, 1, 6),
(4, 50.00, 2, 1),
(5, 10.00, 3, 1),
(6, 20.00, 4, 10),
(7, 40.00, 5, 8),
(8, 60.00, 6, 7),
(9, 50.00, 7, 6),
(10, 700.00, 8, 8),
(11, 1000.00, 8, 9),
(12, 40.00, 9, 2),
(13, 50.00, 9, 2),
(14, 50.00, 10, 3),
(15, 24.00, 12, 3),
(16, 34.00, 11, 7),
(17, 12.00, 13, 5),
(18, 19.00, 14, 4),
(19, 20.00, 15, 4),
(20, 40.00, 16, 2),
(21, 35.50, 17, 2),
(22, 40.00, 18, 1),
(23, 60.00, 19, 1),
(24, 70.00, 20, 10),
(25, 100.00, 20, 9),
(26, 40.00, 19, 9),
(27, 20.00, 18, 3),
(28, 90.00, 17, 3),
(29, 230.00, 16, 2),
(30, 450.00, 15, 10);
